Entity,Code,Year,"Death rate per 100,000 people - Cause: Self-harm - Sex: Both sexes - Age_group: ALLAges"
Afghanistan,AFG,2000,4.9
Afghanistan,AFG,2001,5.04
Afghanistan,AFG,2002,5
Afghanistan,AFG,2003,4.94
Afghanistan,AFG,2004,5.03
Afghanistan,AFG,2005,4.96
Afghanistan,AFG,2006,4.92
Afghanistan,AFG,2007,4.8
Afghanistan,AFG,2008,4.62
Afghanistan,AFG,2009,4.39
Afghanistan,AFG,2010,4.26
Afghanistan,AFG,2011,4.12
Afghanistan,AFG,2012,4.01
Afghanistan,AFG,2013,4
Afghanistan,AFG,2014,3.93
Afghanistan,AFG,2015,3.97
Afghanistan,AFG,2016,4.01
Afghanistan,AFG,2017,4.06
Afghanistan,AFG,2018,4.05
Afghanistan,AFG,2019,4.14
Africa,,2000,8.3633585
Africa,,2001,8.186954
Africa,,2002,8.069217
Africa,,2003,7.97668
Africa,,2004,7.8445597
Africa,,2005,7.755786
Africa,,2006,7.6831703
Africa,,2007,7.6550946
Africa,,2008,7.7373996
Africa,,2009,7.6964483
Africa,,2010,7.4993744
Africa,,2011,7.286563
Africa,,2012,7.177217
Africa,,2013,7.0439696
Africa,,2014,6.875553
Africa,,2015,6.743889
Africa,,2016,6.6187625
Africa,,2017,6.5284147
Africa,,2018,6.4443984
Africa,,2019,6.385264
Albania,ALB,2000,4.92
Albania,ALB,2001,4.51
Albania,ALB,2002,4.61
Albania,ALB,2003,4.81
Albania,ALB,2004,4.79
Albania,ALB,2005,7.47
Albania,ALB,2006,7.77
Albania,ALB,2007,8.07
Albania,ALB,2008,8.18
Albania,ALB,2009,8.11
Albania,ALB,2010,7.83
Albania,ALB,2011,7.9
Albania,ALB,2012,5.18
Albania,ALB,2013,5.26
Albania,ALB,2014,4.95
Albania,ALB,2015,4.76
Albania,ALB,2016,4.69
Albania,ALB,2017,4.67
Albania,ALB,2018,4.52
Albania,ALB,2019,4.34
Algeria,DZA,2000,4.52
Algeria,DZA,2001,4.47
Algeria,DZA,2002,4.38
Algeria,DZA,2003,4.09
Algeria,DZA,2004,3.98
Algeria,DZA,2005,3.86
Algeria,DZA,2006,3.7
Algeria,DZA,2007,3.51
Algeria,DZA,2008,3.36
Algeria,DZA,2009,3.19
Algeria,DZA,2010,3.02
Algeria,DZA,2011,2.95
Algeria,DZA,2012,2.9
Algeria,DZA,2013,2.85
Algeria,DZA,2014,2.76
Algeria,DZA,2015,2.68
Algeria,DZA,2016,2.55
Algeria,DZA,2017,2.46
Algeria,DZA,2018,2.48
Algeria,DZA,2019,2.49
Angola,AGO,2000,8.71
Angola,AGO,2001,8.65
Angola,AGO,2002,8.56
Angola,AGO,2003,8.76
Angola,AGO,2004,8.54
Angola,AGO,2005,8.07
Angola,AGO,2006,8.57
Angola,AGO,2007,7.39
Angola,AGO,2008,7.54
Angola,AGO,2009,6.7
Angola,AGO,2010,6.96
Angola,AGO,2011,6.58
Angola,AGO,2012,6.93
Angola,AGO,2013,6.93
Angola,AGO,2014,6.39
Angola,AGO,2015,6.47
Angola,AGO,2016,6.24
Angola,AGO,2017,6.02
Angola,AGO,2018,6
Angola,AGO,2019,6.09
Antigua and Barbuda,ATG,2000,1.95
Antigua and Barbuda,ATG,2001,1.86
Antigua and Barbuda,ATG,2002,1.28
Antigua and Barbuda,ATG,2003,1.26
Antigua and Barbuda,ATG,2004,1.73
Antigua and Barbuda,ATG,2005,1.26
Antigua and Barbuda,ATG,2006,0.47
Antigua and Barbuda,ATG,2007,0.36
Antigua and Barbuda,ATG,2008,0.28
Antigua and Barbuda,ATG,2009,0
Antigua and Barbuda,ATG,2010,0.16
Antigua and Barbuda,ATG,2011,0.17
Antigua and Barbuda,ATG,2012,0
Antigua and Barbuda,ATG,2013,0
Antigua and Barbuda,ATG,2014,0.44
Antigua and Barbuda,ATG,2015,0.44
Antigua and Barbuda,ATG,2016,0.54
Antigua and Barbuda,ATG,2017,0
Antigua and Barbuda,ATG,2018,0.38
Antigua and Barbuda,ATG,2019,0.39
Argentina,ARG,2000,9.1
Argentina,ARG,2001,10.25
Argentina,ARG,2002,10.24
Argentina,ARG,2003,9.7
Argentina,ARG,2004,8.72
Argentina,ARG,2005,8.62
Argentina,ARG,2006,8.6
Argentina,ARG,2007,8.25
Argentina,ARG,2008,8.66
Argentina,ARG,2009,8.43
Argentina,ARG,2010,8.55
Argentina,ARG,2011,8.53
Argentina,ARG,2012,9.12
Argentina,ARG,2013,8.56
Argentina,ARG,2014,9.28
Argentina,ARG,2015,8.29
Argentina,ARG,2016,8.27
Argentina,ARG,2017,8.87
Argentina,ARG,2018,9.16
Argentina,ARG,2019,8.36
Armenia,ARM,2000,3.41
Armenia,ARM,2001,3.13
Armenia,ARM,2002,3.44
Armenia,ARM,2003,2.62
Armenia,ARM,2004,4.02
Armenia,ARM,2005,4.24
Armenia,ARM,2006,5.87
Armenia,ARM,2007,5.76
Armenia,ARM,2008,4.81
Armenia,ARM,2009,4.77
Armenia,ARM,2010,6.75
Armenia,ARM,2011,6.8
Armenia,ARM,2012,7.44
Armenia,ARM,2013,6.36
Armenia,ARM,2014,6.26
Armenia,ARM,2015,6.15
Armenia,ARM,2016,5.71
Armenia,ARM,2017,2.99
Armenia,ARM,2018,2.08
Armenia,ARM,2019,3.32
Asia,,2000,13.008885
Asia,,2001,12.30441
Asia,,2002,11.932695
Asia,,2003,11.987395
Asia,,2004,12.055917
Asia,,2005,11.991569
Asia,,2006,11.655134
Asia,,2007,11.392493
Asia,,2008,11.14063
Asia,,2009,10.9081335
Asia,,2010,10.747274
Asia,,2011,10.483961
Asia,,2012,10.029853
Asia,,2013,9.674784
Asia,,2014,9.24142
Asia,,2015,8.972891
Asia,,2016,8.852956
Asia,,2017,8.786384
Asia,,2018,8.932651
Asia,,2019,8.903488
Australia,AUS,2000,12.69
Australia,AUS,2001,12.15
Australia,AUS,2002,11.32
Australia,AUS,2003,10.49
Australia,AUS,2004,10.24
Australia,AUS,2005,11.16
Australia,AUS,2006,10.66
Australia,AUS,2007,10.89
Australia,AUS,2008,11.59
Australia,AUS,2009,11.21
Australia,AUS,2010,11.66
Australia,AUS,2011,11.24
Australia,AUS,2012,11.74
Australia,AUS,2013,11.49
Australia,AUS,2014,12.65
Australia,AUS,2015,13.24
Australia,AUS,2016,12.15
Australia,AUS,2017,13.13
Australia,AUS,2018,12.45
Australia,AUS,2019,12.5
Austria,AUT,2000,19.9
Austria,AUT,2001,18.59
Austria,AUT,2002,19.33
Austria,AUT,2003,18.21
Austria,AUT,2004,17.47
Austria,AUT,2005,17.24
Austria,AUT,2006,16.37
Austria,AUT,2007,15.97
Austria,AUT,2008,15.83
Austria,AUT,2009,15.97
Austria,AUT,2010,16.12
Austria,AUT,2011,16.45
Austria,AUT,2012,16.29
Austria,AUT,2013,16.22
Austria,AUT,2014,16.51
Austria,AUT,2015,16
Austria,AUT,2016,15.53
Austria,AUT,2017,15.35
Austria,AUT,2018,15.74
Austria,AUT,2019,14.6
Azerbaijan,AZE,2000,3.12
Azerbaijan,AZE,2001,3.43
Azerbaijan,AZE,2002,3.6
Azerbaijan,AZE,2003,3.77
Azerbaijan,AZE,2004,4.28
Azerbaijan,AZE,2005,4.5
Azerbaijan,AZE,2006,4.71
Azerbaijan,AZE,2007,4.9
Azerbaijan,AZE,2008,4.74
Azerbaijan,AZE,2009,4.64
Azerbaijan,AZE,2010,4.55
Azerbaijan,AZE,2011,4.5
Azerbaijan,AZE,2012,4.38
Azerbaijan,AZE,2013,4.27
Azerbaijan,AZE,2014,4.17
Azerbaijan,AZE,2015,4.07
Azerbaijan,AZE,2016,3.99
Azerbaijan,AZE,2017,3.98
Azerbaijan,AZE,2018,4.03
Azerbaijan,AZE,2019,4.11
Bahamas,BHS,2000,2.33
Bahamas,BHS,2001,2.53
Bahamas,BHS,2002,2.27
Bahamas,BHS,2003,2.35
Bahamas,BHS,2004,3.2
Bahamas,BHS,2005,3.02
Bahamas,BHS,2006,3.46
Bahamas,BHS,2007,3.22
Bahamas,BHS,2008,3.31
Bahamas,BHS,2009,3.3
Bahamas,BHS,2010,3.59
Bahamas,BHS,2011,3.69
Bahamas,BHS,2012,3.5
Bahamas,BHS,2013,3.13
Bahamas,BHS,2014,3.28
Bahamas,BHS,2015,3.46
Bahamas,BHS,2016,3.57
Bahamas,BHS,2017,3.39
Bahamas,BHS,2018,3.54
Bahamas,BHS,2019,3.54
Bahrain,BHR,2000,6.59
Bahrain,BHR,2001,8.83
Bahrain,BHR,2002,9.19
Bahrain,BHR,2003,10.19
Bahrain,BHR,2004,10.2
Bahrain,BHR,2005,10.29
Bahrain,BHR,2006,8.19
Bahrain,BHR,2007,9.57
Bahrain,BHR,2008,9.19
Bahrain,BHR,2009,8.55
Bahrain,BHR,2010,8.18
Bahrain,BHR,2011,7.92
Bahrain,BHR,2012,7.4
Bahrain,BHR,2013,7.11
Bahrain,BHR,2014,7.42
Bahrain,BHR,2015,7.39
Bahrain,BHR,2016,7.66
Bahrain,BHR,2017,8.08
Bahrain,BHR,2018,8.56
Bahrain,BHR,2019,8.86
Bangladesh,BGD,2000,6.02
Bangladesh,BGD,2001,5.67
Bangladesh,BGD,2002,5.36
Bangladesh,BGD,2003,5.06
Bangladesh,BGD,2004,4.86
Bangladesh,BGD,2005,4.93
Bangladesh,BGD,2006,4.98
Bangladesh,BGD,2007,4.89
Bangladesh,BGD,2008,4.74
Bangladesh,BGD,2009,4.58
Bangladesh,BGD,2010,4.36
Bangladesh,BGD,2011,3.96
Bangladesh,BGD,2012,3.67
Bangladesh,BGD,2013,3.49
Bangladesh,BGD,2014,3.46
Bangladesh,BGD,2015,3.42
Bangladesh,BGD,2016,3.39
Bangladesh,BGD,2017,3.47
Bangladesh,BGD,2018,3.57
Bangladesh,BGD,2019,3.68
Barbados,BRB,2000,2.63
Barbados,BRB,2001,1.57
Barbados,BRB,2002,0.34
Barbados,BRB,2003,1.21
Barbados,BRB,2004,1.42
Barbados,BRB,2005,2.88
Barbados,BRB,2006,1.63
Barbados,BRB,2007,1.49
Barbados,BRB,2008,0.96
Barbados,BRB,2009,1.48
Barbados,BRB,2010,1.62
Barbados,BRB,2011,0.98
Barbados,BRB,2012,0.48
Barbados,BRB,2013,0.34
Barbados,BRB,2014,0.61
Barbados,BRB,2015,0.6
Barbados,BRB,2016,0.62
Barbados,BRB,2017,0.61
Barbados,BRB,2018,0.62
Barbados,BRB,2019,0.62
Belarus,BLR,2000,41.77
Belarus,BLR,2001,43.26
Belarus,BLR,2002,44.28
Belarus,BLR,2003,42.9
Belarus,BLR,2004,42.06
Belarus,BLR,2005,43.52
Belarus,BLR,2006,40.94
Belarus,BLR,2007,36.79
Belarus,BLR,2008,36.71
Belarus,BLR,2009,36.54
Belarus,BLR,2010,35.9
Belarus,BLR,2011,36.24
Belarus,BLR,2012,29.94
Belarus,BLR,2013,27.87
Belarus,BLR,2014,26.33
Belarus,BLR,2015,24.33
Belarus,BLR,2016,24.19
Belarus,BLR,2017,23.27
Belarus,BLR,2018,22.8
Belarus,BLR,2019,21.2
Belgium,BEL,2000,21.98
Belgium,BEL,2001,22.33
Belgium,BEL,2002,20.85
Belgium,BEL,2003,21.53
Belgium,BEL,2004,20.16
Belgium,BEL,2005,20.8
Belgium,BEL,2006,20.28
Belgium,BEL,2007,18.72
Belgium,BEL,2008,20.28
Belgium,BEL,2009,20.55
Belgium,BEL,2010,20.59
Belgium,BEL,2011,21.15
Belgium,BEL,2012,20.81
Belgium,BEL,2013,19.44
Belgium,BEL,2014,19.48
Belgium,BEL,2015,18.58
Belgium,BEL,2016,19.19
Belgium,BEL,2017,18.94
Belgium,BEL,2018,18.63
Belgium,BEL,2019,18.36
Belize,BLZ,2000,7.39
Belize,BLZ,2001,6.01
Belize,BLZ,2002,6.12
Belize,BLZ,2003,6.27
Belize,BLZ,2004,6.9
Belize,BLZ,2005,5.41
Belize,BLZ,2006,5.62
Belize,BLZ,2007,5.2
Belize,BLZ,2008,4.37
Belize,BLZ,2009,6.17
Belize,BLZ,2010,6.89
Belize,BLZ,2011,6.76
Belize,BLZ,2012,6.28
Belize,BLZ,2013,5.85
Belize,BLZ,2014,5.95
Belize,BLZ,2015,5.97
Belize,BLZ,2016,5.84
Belize,BLZ,2017,6.99
Belize,BLZ,2018,6.5
Belize,BLZ,2019,7.07
Benin,BEN,2000,8.77
Benin,BEN,2001,8.82
Benin,BEN,2002,8.82
Benin,BEN,2003,8.77
Benin,BEN,2004,8.8
Benin,BEN,2005,8.7
Benin,BEN,2006,8.63
Benin,BEN,2007,8.48
Benin,BEN,2008,8.24
Benin,BEN,2009,8.46
Benin,BEN,2010,8.41
Benin,BEN,2011,8.45
Benin,BEN,2012,8.33
Benin,BEN,2013,8.3
Benin,BEN,2014,8.2
Benin,BEN,2015,8.04
Benin,BEN,2016,8.01
Benin,BEN,2017,7.94
Benin,BEN,2018,7.91
Benin,BEN,2019,7.81
Bhutan,BTN,2000,4.83
Bhutan,BTN,2001,4.87
Bhutan,BTN,2002,4.65
Bhutan,BTN,2003,4.64
Bhutan,BTN,2004,4.54
Bhutan,BTN,2005,4.5
Bhutan,BTN,2006,4.45
Bhutan,BTN,2007,4.37
Bhutan,BTN,2008,4.32
Bhutan,BTN,2009,4.28
Bhutan,BTN,2010,4.23
Bhutan,BTN,2011,4.27
Bhutan,BTN,2012,4.33
Bhutan,BTN,2013,4.4
Bhutan,BTN,2014,4.44
Bhutan,BTN,2015,4.49
Bhutan,BTN,2016,4.47
Bhutan,BTN,2017,4.59
Bhutan,BTN,2018,4.61
Bhutan,BTN,2019,4.6
Bolivia,BOL,2000,6.86
Bolivia,BOL,2001,6.61
Bolivia,BOL,2002,6.56
Bolivia,BOL,2003,6.42
Bolivia,BOL,2004,6.3
Bolivia,BOL,2005,6.25
Bolivia,BOL,2006,5.9
Bolivia,BOL,2007,6.1
Bolivia,BOL,2008,5.98
Bolivia,BOL,2009,6
Bolivia,BOL,2010,6.07
Bolivia,BOL,2011,6.11
Bolivia,BOL,2012,5.99
Bolivia,BOL,2013,6.03
Bolivia,BOL,2014,6.19
Bolivia,BOL,2015,6.36
Bolivia,BOL,2016,6.65
Bolivia,BOL,2017,6.43
Bolivia,BOL,2018,6.27
Bolivia,BOL,2019,6.22
Bosnia and Herzegovina,BIH,2000,9.04
Bosnia and Herzegovina,BIH,2001,9.38
Bosnia and Herzegovina,BIH,2002,9.75
Bosnia and Herzegovina,BIH,2003,9.86
Bosnia and Herzegovina,BIH,2004,9.95
Bosnia and Herzegovina,BIH,2005,10.75
Bosnia and Herzegovina,BIH,2006,10.69
Bosnia and Herzegovina,BIH,2007,11.51
Bosnia and Herzegovina,BIH,2008,10.82
Bosnia and Herzegovina,BIH,2009,10.72
Bosnia and Herzegovina,BIH,2010,10.54
Bosnia and Herzegovina,BIH,2011,10.64
Bosnia and Herzegovina,BIH,2012,10.39
Bosnia and Herzegovina,BIH,2013,10.6
Bosnia and Herzegovina,BIH,2014,10.61
Bosnia and Herzegovina,BIH,2015,10.71
Bosnia and Herzegovina,BIH,2016,10.51
Bosnia and Herzegovina,BIH,2017,10.53
Bosnia and Herzegovina,BIH,2018,10.76
Bosnia and Herzegovina,BIH,2019,10.93
Botswana,BWA,2000,35.27
Botswana,BWA,2001,34.5
Botswana,BWA,2002,32.75
Botswana,BWA,2003,31.24
Botswana,BWA,2004,31.84
Botswana,BWA,2005,34.02
Botswana,BWA,2006,32.05
Botswana,BWA,2007,29.33
Botswana,BWA,2008,28.43
Botswana,BWA,2009,25.12
Botswana,BWA,2010,24.39
Botswana,BWA,2011,22.67
Botswana,BWA,2012,22.61
Botswana,BWA,2013,21.58
Botswana,BWA,2014,19.6
Botswana,BWA,2015,19.04
Botswana,BWA,2016,17.76
Botswana,BWA,2017,17.43
Botswana,BWA,2018,17.42
Botswana,BWA,2019,16.05
Brazil,BRA,2000,3.98
Brazil,BRA,2001,4.42
Brazil,BRA,2002,4.35
Brazil,BRA,2003,4.33
Brazil,BRA,2004,4.42
Brazil,BRA,2005,4.66
Brazil,BRA,2006,4.67
Brazil,BRA,2007,4.86
Brazil,BRA,2008,5.09
Brazil,BRA,2009,5.12
Brazil,BRA,2010,4.98
Brazil,BRA,2011,5.22
Brazil,BRA,2012,5.4
Brazil,BRA,2013,5.58
Brazil,BRA,2014,5.62
Brazil,BRA,2015,5.88
Brazil,BRA,2016,6
Brazil,BRA,2017,6.57
Brazil,BRA,2018,6.97
Brazil,BRA,2019,6.89
Brunei,BRN,2000,1.85
Brunei,BRN,2001,1.34
Brunei,BRN,2002,1.59
Brunei,BRN,2003,1.63
Brunei,BRN,2004,1.93
Brunei,BRN,2005,2.17
Brunei,BRN,2006,2.91
Brunei,BRN,2007,2.58
Brunei,BRN,2008,2.1
Brunei,BRN,2009,1.75
Brunei,BRN,2010,1.27
Brunei,BRN,2011,1.89
Brunei,BRN,2012,2.13
Brunei,BRN,2013,1.78
Brunei,BRN,2014,1.79
Brunei,BRN,2015,1.88
Brunei,BRN,2016,2.57
Brunei,BRN,2017,3.32
Brunei,BRN,2018,3.14
Brunei,BRN,2019,2.7
Bulgaria,BGR,2000,18.24
Bulgaria,BGR,2001,17.46
Bulgaria,BGR,2002,17.46
Bulgaria,BGR,2003,15.07
Bulgaria,BGR,2004,14.23
Bulgaria,BGR,2005,13.25
Bulgaria,BGR,2006,13.37
Bulgaria,BGR,2007,12.47
Bulgaria,BGR,2008,13.17
Bulgaria,BGR,2009,12.33
Bulgaria,BGR,2010,12.35
Bulgaria,BGR,2011,11.01
Bulgaria,BGR,2012,12.54
Bulgaria,BGR,2013,10.5
Bulgaria,BGR,2014,10.45
Bulgaria,BGR,2015,9.83
Bulgaria,BGR,2016,9.65
Bulgaria,BGR,2017,10.29
Bulgaria,BGR,2018,9.67
Bulgaria,BGR,2019,9.73
Burkina Faso,BFA,2000,8.56
Burkina Faso,BFA,2001,8.27
Burkina Faso,BFA,2002,7.98
Burkina Faso,BFA,2003,7.88
Burkina Faso,BFA,2004,7.97
Burkina Faso,BFA,2005,8.01
Burkina Faso,BFA,2006,8.09
Burkina Faso,BFA,2007,8.03
Burkina Faso,BFA,2008,7.95
Burkina Faso,BFA,2009,7.99
Burkina Faso,BFA,2010,8.03
Burkina Faso,BFA,2011,7.85
Burkina Faso,BFA,2012,8.24
Burkina Faso,BFA,2013,8.25
Burkina Faso,BFA,2014,8.03
Burkina Faso,BFA,2015,7.97
Burkina Faso,BFA,2016,7.86
Burkina Faso,BFA,2017,7.7
Burkina Faso,BFA,2018,7.63
Burkina Faso,BFA,2019,7.49
Burundi,BDI,2000,11.67
Burundi,BDI,2001,10.78
Burundi,BDI,2002,10.23
Burundi,BDI,2003,9.65
Burundi,BDI,2004,9.24
Burundi,BDI,2005,8.89
Burundi,BDI,2006,8.93
Burundi,BDI,2007,8.38
Burundi,BDI,2008,7.93
Burundi,BDI,2009,7.73
Burundi,BDI,2010,7.61
Burundi,BDI,2011,7.39
Burundi,BDI,2012,7.13
Burundi,BDI,2013,6.98
Burundi,BDI,2014,6.65
Burundi,BDI,2015,6.42
Burundi,BDI,2016,6.41
Burundi,BDI,2017,6.38
Burundi,BDI,2018,6.29
Burundi,BDI,2019,6.26
Cambodia,KHM,2000,4.99
Cambodia,KHM,2001,5.08
Cambodia,KHM,2002,5.07
Cambodia,KHM,2003,5.05
Cambodia,KHM,2004,5.28
Cambodia,KHM,2005,5.52
Cambodia,KHM,2006,5.65
Cambodia,KHM,2007,5.71
Cambodia,KHM,2008,5.57
Cambodia,KHM,2009,5.39
Cambodia,KHM,2010,5.37
Cambodia,KHM,2011,5.29
Cambodia,KHM,2012,5.23
Cambodia,KHM,2013,5.17
Cambodia,KHM,2014,5.06
Cambodia,KHM,2015,5.06
Cambodia,KHM,2016,5.05
Cambodia,KHM,2017,4.96
Cambodia,KHM,2018,4.94
Cambodia,KHM,2019,4.85
Cameroon,CMR,2000,10.68
Cameroon,CMR,2001,10.85
Cameroon,CMR,2002,10.61
Cameroon,CMR,2003,10.78
Cameroon,CMR,2004,10.63
Cameroon,CMR,2005,11.46
Cameroon,CMR,2006,11.72
Cameroon,CMR,2007,11.38
Cameroon,CMR,2008,11.15
Cameroon,CMR,2009,11.1
Cameroon,CMR,2010,10.83
Cameroon,CMR,2011,10.77
Cameroon,CMR,2012,10.62
Cameroon,CMR,2013,10.39
Cameroon,CMR,2014,9.96
Cameroon,CMR,2015,9.46
Cameroon,CMR,2016,9.23
Cameroon,CMR,2017,8.97
Cameroon,CMR,2018,8.91
Cameroon,CMR,2019,9.01
Canada,CAN,2000,11.93
Canada,CAN,2001,12.24
Canada,CAN,2002,11.94
Canada,CAN,2003,12.42
Canada,CAN,2004,11.72
Canada,CAN,2005,12.17
Canada,CAN,2006,11.24
Canada,CAN,2007,11.49
Canada,CAN,2008,11.56
Canada,CAN,2009,12
Canada,CAN,2010,12.07
Canada,CAN,2011,11.28
Canada,CAN,2012,11.78
Canada,CAN,2013,12.09
Canada,CAN,2014,12.69
Canada,CAN,2015,13
Canada,CAN,2016,11.86
Canada,CAN,2017,13.06
Canada,CAN,2018,11.98
Canada,CAN,2019,11.81
Cape Verde,CPV,2000,12.01
Cape Verde,CPV,2001,12.08
Cape Verde,CPV,2002,12.32
Cape Verde,CPV,2003,12.44
Cape Verde,CPV,2004,12.76
Cape Verde,CPV,2005,13.16
Cape Verde,CPV,2006,13.12
Cape Verde,CPV,2007,13.51
Cape Verde,CPV,2008,13.97
Cape Verde,CPV,2009,14.44
Cape Verde,CPV,2010,14.79
Cape Verde,CPV,2011,14.82
Cape Verde,CPV,2012,14.89
Cape Verde,CPV,2013,14.65
Cape Verde,CPV,2014,14.36
Cape Verde,CPV,2015,14.41
Cape Verde,CPV,2016,14.35
Cape Verde,CPV,2017,14.15
Cape Verde,CPV,2018,13.38
Cape Verde,CPV,2019,12.93
Central African Republic,CAF,2000,19.05
Central African Republic,CAF,2001,17.71
Central African Republic,CAF,2002,17.44
Central African Republic,CAF,2003,16.43
Central African Republic,CAF,2004,15.69
Central African Republic,CAF,2005,15.13
Central African Republic,CAF,2006,15.71
Central African Republic,CAF,2007,15.39
Central African Republic,CAF,2008,15.1
Central African Republic,CAF,2009,15.97
Central African Republic,CAF,2010,15.75
Central African Republic,CAF,2011,15.38
Central African Republic,CAF,2012,14.72
Central African Republic,CAF,2013,14.94
Central African Republic,CAF,2014,15.57
Central African Republic,CAF,2015,14.44
Central African Republic,CAF,2016,13.73
Central African Republic,CAF,2017,14.34
Central African Republic,CAF,2018,12.8
Central African Republic,CAF,2019,12.33
Chad,TCD,2000,7.82
Chad,TCD,2001,7.78
Chad,TCD,2002,7.69
Chad,TCD,2003,7.76
Chad,TCD,2004,7.54
Chad,TCD,2005,7.53
Chad,TCD,2006,7.44
Chad,TCD,2007,7.68
Chad,TCD,2008,7.49
Chad,TCD,2009,7.54
Chad,TCD,2010,7.65
Chad,TCD,2011,7.64
Chad,TCD,2012,7.55
Chad,TCD,2013,7.36
Chad,TCD,2014,7.09
Chad,TCD,2015,6.78
Chad,TCD,2016,6.63
Chad,TCD,2017,6.74
Chad,TCD,2018,6.6
Chad,TCD,2019,6.46
Chile,CHL,2000,10.3
Chile,CHL,2001,10.28
Chile,CHL,2002,9.63
Chile,CHL,2003,9.76
Chile,CHL,2004,10.14
Chile,CHL,2005,9.67
Chile,CHL,2006,10.01
Chile,CHL,2007,11.01
Chile,CHL,2008,12.23
Chile,CHL,2009,12.66
Chile,CHL,2010,11.58
Chile,CHL,2011,11.7
Chile,CHL,2012,10.52
Chile,CHL,2013,9.78
Chile,CHL,2014,9.82
Chile,CHL,2015,9.95
Chile,CHL,2016,10
Chile,CHL,2017,9.25
Chile,CHL,2018,8.82
Chile,CHL,2019,8.95
China,CHN,2000,14.27
China,CHN,2001,12.88
China,CHN,2002,12.23
China,CHN,2003,12.79
China,CHN,2004,13.31
China,CHN,2005,12.86
China,CHN,2006,12.08
China,CHN,2007,11.52
China,CHN,2008,11.1
China,CHN,2009,10.65
China,CHN,2010,10.21
China,CHN,2011,9.63
China,CHN,2012,9.01
China,CHN,2013,8.58
China,CHN,2014,8.33
China,CHN,2015,8.16
China,CHN,2016,8.17
China,CHN,2017,8.13
China,CHN,2018,8.11
China,CHN,2019,8.08
Colombia,COL,2000,5
Colombia,COL,2001,4.93
Colombia,COL,2002,4.69
Colombia,COL,2003,4.56
Colombia,COL,2004,4.45
Colombia,COL,2005,4.13
Colombia,COL,2006,4.14
Colombia,COL,2007,4.12
Colombia,COL,2008,4.15
Colombia,COL,2009,4.08
Colombia,COL,2010,3.83
Colombia,COL,2011,3.67
Colombia,COL,2012,3.82
Colombia,COL,2013,3.66
Colombia,COL,2014,3.75
Colombia,COL,2015,4.14
Colombia,COL,2016,4.23
Colombia,COL,2017,4.66
Colombia,COL,2018,4.02
Colombia,COL,2019,3.91
Comoros,COM,2000,6.28
Comoros,COM,2001,6.19
Comoros,COM,2002,5.94
Comoros,COM,2003,5.75
Comoros,COM,2004,5.51
Comoros,COM,2005,5.36
Comoros,COM,2006,5.38
Comoros,COM,2007,5.25
Comoros,COM,2008,5.4
Comoros,COM,2009,5.04
Comoros,COM,2010,5.57
Comoros,COM,2011,5.1
Comoros,COM,2012,5.24
Comoros,COM,2013,5.18
Comoros,COM,2014,5.53
Comoros,COM,2015,5.51
Comoros,COM,2016,5.49
Comoros,COM,2017,5.41
Comoros,COM,2018,5.36
Comoros,COM,2019,5.38
Congo,COG,2000,14.47
Congo,COG,2001,12.4
Congo,COG,2002,11.03
Congo,COG,2003,10.15
Congo,COG,2004,10.16
Congo,COG,2005,9.68
Congo,COG,2006,9.63
Congo,COG,2007,9.32
Congo,COG,2008,8.93
Congo,COG,2009,9.31
Congo,COG,2010,9.01
Congo,COG,2011,8.66
Congo,COG,2012,8.88
Congo,COG,2013,8.15
Congo,COG,2014,7.5
Congo,COG,2015,6.79
Congo,COG,2016,6.74
Congo,COG,2017,6.58
Congo,COG,2018,6.45
Congo,COG,2019,6.48
Costa Rica,CRI,2000,6.38
Costa Rica,CRI,2001,5.17
Costa Rica,CRI,2002,7.01
Costa Rica,CRI,2003,7.85
Costa Rica,CRI,2004,8.09
Costa Rica,CRI,2005,6.55
Costa Rica,CRI,2006,8.44
Costa Rica,CRI,2007,5.67
Costa Rica,CRI,2008,5.49
Costa Rica,CRI,2009,5.64
Costa Rica,CRI,2010,6.9
Costa Rica,CRI,2011,6.9
Costa Rica,CRI,2012,6.56
Costa Rica,CRI,2013,6.72
Costa Rica,CRI,2014,5.63
Costa Rica,CRI,2015,6.73
Costa Rica,CRI,2016,7.66
Costa Rica,CRI,2017,6.12
Costa Rica,CRI,2018,7.18
Costa Rica,CRI,2019,8.06
Cote d'Ivoire,CIV,2000,14.05
Cote d'Ivoire,CIV,2001,13.26
Cote d'Ivoire,CIV,2002,12.68
Cote d'Ivoire,CIV,2003,12.44
Cote d'Ivoire,CIV,2004,12.06
Cote d'Ivoire,CIV,2005,11.46
Cote d'Ivoire,CIV,2006,11.54
Cote d'Ivoire,CIV,2007,11.47
Cote d'Ivoire,CIV,2008,10.63
Cote d'Ivoire,CIV,2009,10.93
Cote d'Ivoire,CIV,2010,11.38
Cote d'Ivoire,CIV,2011,11.14
Cote d'Ivoire,CIV,2012,11.28
Cote d'Ivoire,CIV,2013,11.1
Cote d'Ivoire,CIV,2014,10.56
Cote d'Ivoire,CIV,2015,10.01
Cote d'Ivoire,CIV,2016,9.58
Cote d'Ivoire,CIV,2017,9.21
Cote d'Ivoire,CIV,2018,8.97
Cote d'Ivoire,CIV,2019,8.9
Croatia,HRV,2000,20.78
Croatia,HRV,2001,19.74
Croatia,HRV,2002,19.52
Croatia,HRV,2003,19.74
Croatia,HRV,2004,20.21
Croatia,HRV,2005,20.06
Croatia,HRV,2006,18.25
Croatia,HRV,2007,18.1
Croatia,HRV,2008,18.4
Croatia,HRV,2009,18.31
Croatia,HRV,2010,18.34
Croatia,HRV,2011,16.45
Croatia,HRV,2012,18.39
Croatia,HRV,2013,16.49
Croatia,HRV,2014,17.27
Croatia,HRV,2015,17.61
Croatia,HRV,2016,16.43
Croatia,HRV,2017,15.68
Croatia,HRV,2018,16.39
Croatia,HRV,2019,16.37
Cuba,CUB,2000,17.25
Cuba,CUB,2001,15.21
Cuba,CUB,2002,14.7
Cuba,CUB,2003,13.79
Cuba,CUB,2004,13.84
Cuba,CUB,2005,12.9
Cuba,CUB,2006,12.66
Cuba,CUB,2007,12.13
Cuba,CUB,2008,12.9
Cuba,CUB,2009,13.76
Cuba,CUB,2010,14.47
Cuba,CUB,2011,14.18
Cuba,CUB,2012,13.74
Cuba,CUB,2013,13.92
Cuba,CUB,2014,13.45
Cuba,CUB,2015,14.06
Cuba,CUB,2016,13.4
Cuba,CUB,2017,14.6
Cuba,CUB,2018,14.3
Cuba,CUB,2019,14.49
Cyprus,CYP,2000,2.02
Cyprus,CYP,2001,2.1
Cyprus,CYP,2002,2.16
Cyprus,CYP,2003,2.21
Cyprus,CYP,2004,0.87
Cyprus,CYP,2005,2.6
Cyprus,CYP,2006,3.49
Cyprus,CYP,2007,3.14
Cyprus,CYP,2008,6.1
Cyprus,CYP,2009,4.45
Cyprus,CYP,2010,5.29
Cyprus,CYP,2011,4.26
Cyprus,CYP,2012,5.39
Cyprus,CYP,2013,5.73
Cyprus,CYP,2014,5.36
Cyprus,CYP,2015,4.7
Cyprus,CYP,2016,4.63
Cyprus,CYP,2017,3.69
Cyprus,CYP,2018,4.16
Cyprus,CYP,2019,3.64
Czechia,CZE,2000,16.26
Czechia,CZE,2001,16.17
Czechia,CZE,2002,15.28
Czechia,CZE,2003,17.1
Czechia,CZE,2004,16.41
Czechia,CZE,2005,15.73
Czechia,CZE,2006,14.45
Czechia,CZE,2007,14.09
Czechia,CZE,2008,14.19
Czechia,CZE,2009,14.95
Czechia,CZE,2010,15.09
Czechia,CZE,2011,16.01
Czechia,CZE,2012,16.67
Czechia,CZE,2013,15.67
Czechia,CZE,2014,14.8
Czechia,CZE,2015,13.57
Czechia,CZE,2016,13.02
Czechia,CZE,2017,13.98
Czechia,CZE,2018,13.51
Czechia,CZE,2019,12.17
Democratic Republic of Congo,COD,2000,7.85
Democratic Republic of Congo,COD,2001,7.74
Democratic Republic of Congo,COD,2002,7.67
Democratic Republic of Congo,COD,2003,7.74
Democratic Republic of Congo,COD,2004,7.59
Democratic Republic of Congo,COD,2005,7.5
Democratic Republic of Congo,COD,2006,7.41
Democratic Republic of Congo,COD,2007,7.15
Democratic Republic of Congo,COD,2008,7.14
Democratic Republic of Congo,COD,2009,7.26
Democratic Republic of Congo,COD,2010,7.18
Democratic Republic of Congo,COD,2011,7.1
Democratic Republic of Congo,COD,2012,6.93
Democratic Republic of Congo,COD,2013,6.82
Democratic Republic of Congo,COD,2014,6.74
Democratic Republic of Congo,COD,2015,6.61
Democratic Republic of Congo,COD,2016,6.53
Democratic Republic of Congo,COD,2017,6.51
Democratic Republic of Congo,COD,2018,6.72
Democratic Republic of Congo,COD,2019,6.7
Denmark,DNK,2000,15.62
Denmark,DNK,2001,15.82
Denmark,DNK,2002,14.9
Denmark,DNK,2003,13.63
Denmark,DNK,2004,14.23
Denmark,DNK,2005,14.81
Denmark,DNK,2006,14.72
Denmark,DNK,2007,12.61
Denmark,DNK,2008,13.15
Denmark,DNK,2009,12.87
Denmark,DNK,2010,11.8
Denmark,DNK,2011,12.57
Denmark,DNK,2012,12.8
Denmark,DNK,2013,12.13
Denmark,DNK,2014,11.98
Denmark,DNK,2015,10.93
Denmark,DNK,2016,10.87
Denmark,DNK,2017,11.35
Denmark,DNK,2018,11.37
Denmark,DNK,2019,10.7
Djibouti,DJI,2000,7.16
Djibouti,DJI,2001,6.98
Djibouti,DJI,2002,7.26
Djibouti,DJI,2003,7.39
Djibouti,DJI,2004,7.53
Djibouti,DJI,2005,7.56
Djibouti,DJI,2006,7.47
Djibouti,DJI,2007,7.48
Djibouti,DJI,2008,7.6
Djibouti,DJI,2009,7.79
Djibouti,DJI,2010,8.22
Djibouti,DJI,2011,8.47
Djibouti,DJI,2012,8.66
Djibouti,DJI,2013,9
Djibouti,DJI,2014,9.18
Djibouti,DJI,2015,9.02
Djibouti,DJI,2016,9.32
Djibouti,DJI,2017,9.7
Djibouti,DJI,2018,9.7
Djibouti,DJI,2019,9.64
Dominican Republic,DOM,2000,3.93
Dominican Republic,DOM,2001,3.87
Dominican Republic,DOM,2002,4.09
Dominican Republic,DOM,2003,4.44
Dominican Republic,DOM,2004,4.5
Dominican Republic,DOM,2005,4.75
Dominican Republic,DOM,2006,4.73
Dominican Republic,DOM,2007,4.83
Dominican Republic,DOM,2008,4.82
Dominican Republic,DOM,2009,4.89
Dominican Republic,DOM,2010,4.72
Dominican Republic,DOM,2011,4.88
Dominican Republic,DOM,2012,5.2
Dominican Republic,DOM,2013,5.52
Dominican Republic,DOM,2014,6.04
Dominican Republic,DOM,2015,6.36
Dominican Republic,DOM,2016,6.36
Dominican Republic,DOM,2017,5.7
Dominican Republic,DOM,2018,5.26
Dominican Republic,DOM,2019,4.95
East Timor,TLS,2000,3.56
East Timor,TLS,2001,3.61
East Timor,TLS,2002,3.37
East Timor,TLS,2003,3.44
East Timor,TLS,2004,3.05
East Timor,TLS,2005,3.04
East Timor,TLS,2006,2.73
East Timor,TLS,2007,2.62
East Timor,TLS,2008,2.41
East Timor,TLS,2009,3.13
East Timor,TLS,2010,2.96
East Timor,TLS,2011,3.2
East Timor,TLS,2012,3.31
East Timor,TLS,2013,3.32
East Timor,TLS,2014,3.38
East Timor,TLS,2015,3.51
East Timor,TLS,2016,3.6
East Timor,TLS,2017,3.59
East Timor,TLS,2018,3.65
East Timor,TLS,2019,3.69
Ecuador,ECU,2000,6.37
Ecuador,ECU,2001,6.9
Ecuador,ECU,2002,7.95
Ecuador,ECU,2003,8.45
Ecuador,ECU,2004,9.02
Ecuador,ECU,2005,9.9
Ecuador,ECU,2006,9.99
Ecuador,ECU,2007,10.2
Ecuador,ECU,2008,10.55
Ecuador,ECU,2009,10.46
Ecuador,ECU,2010,9.93
Ecuador,ECU,2011,9.82
Ecuador,ECU,2012,10.09
Ecuador,ECU,2013,9.55
Ecuador,ECU,2014,8.75
Ecuador,ECU,2015,8.79
Ecuador,ECU,2016,8.95
Ecuador,ECU,2017,9.2
Ecuador,ECU,2018,8.05
Ecuador,ECU,2019,7.62
Egypt,EGY,2000,3.05
Egypt,EGY,2001,3.16
Egypt,EGY,2002,3.16
Egypt,EGY,2003,3.15
Egypt,EGY,2004,3.13
Egypt,EGY,2005,3.09
Egypt,EGY,2006,3.08
Egypt,EGY,2007,3.07
Egypt,EGY,2008,3.09
Egypt,EGY,2009,3.14
Egypt,EGY,2010,3.21
Egypt,EGY,2011,3.31
Egypt,EGY,2012,3.43
Egypt,EGY,2013,3.39
Egypt,EGY,2014,3.29
Egypt,EGY,2015,3.28
Egypt,EGY,2016,3.21
Egypt,EGY,2017,2.98
Egypt,EGY,2018,2.96
Egypt,EGY,2019,3.02
El Salvador,SLV,2000,6.15
El Salvador,SLV,2001,6.75
El Salvador,SLV,2002,5.29
El Salvador,SLV,2003,6.53
El Salvador,SLV,2004,6.79
El Salvador,SLV,2005,7.76
El Salvador,SLV,2006,6.63
El Salvador,SLV,2007,7.92
El Salvador,SLV,2008,6.83
El Salvador,SLV,2009,8.56
El Salvador,SLV,2010,6.12
El Salvador,SLV,2011,8.03
El Salvador,SLV,2012,6.75
El Salvador,SLV,2013,6.39
El Salvador,SLV,2014,5.76
El Salvador,SLV,2015,6.94
El Salvador,SLV,2016,5.72
El Salvador,SLV,2017,6.12
El Salvador,SLV,2018,6.03
El Salvador,SLV,2019,6.05
Equatorial Guinea,GNQ,2000,12.64
Equatorial Guinea,GNQ,2001,11.4
Equatorial Guinea,GNQ,2002,10.07
Equatorial Guinea,GNQ,2003,9.74
Equatorial Guinea,GNQ,2004,9.29
Equatorial Guinea,GNQ,2005,8.9
Equatorial Guinea,GNQ,2006,9.2
Equatorial Guinea,GNQ,2007,9.03
Equatorial Guinea,GNQ,2008,8.81
Equatorial Guinea,GNQ,2009,8.89
Equatorial Guinea,GNQ,2010,10.03
Equatorial Guinea,GNQ,2011,11.15
Equatorial Guinea,GNQ,2012,10.05
Equatorial Guinea,GNQ,2013,8.44
Equatorial Guinea,GNQ,2014,8.83
Equatorial Guinea,GNQ,2015,9.78
Equatorial Guinea,GNQ,2016,9.29
Equatorial Guinea,GNQ,2017,7.79
Equatorial Guinea,GNQ,2018,8.29
Equatorial Guinea,GNQ,2019,7.9
Eritrea,ERI,2000,14.46
Eritrea,ERI,2001,13.96
Eritrea,ERI,2002,13.72
Eritrea,ERI,2003,12.84
Eritrea,ERI,2004,12.98
Eritrea,ERI,2005,13.06
Eritrea,ERI,2006,13.2
Eritrea,ERI,2007,12.94
Eritrea,ERI,2008,13.27
Eritrea,ERI,2009,12.98
Eritrea,ERI,2010,12.73
Eritrea,ERI,2011,12.52
Eritrea,ERI,2012,12.27
Eritrea,ERI,2013,11.97
Eritrea,ERI,2014,11.75
Eritrea,ERI,2015,11.65
Eritrea,ERI,2016,11.47
Eritrea,ERI,2017,11.33
Eritrea,ERI,2018,11.28
Eritrea,ERI,2019,10.91
Estonia,EST,2000,29.09
Estonia,EST,2001,30.29
Estonia,EST,2002,29.33
Estonia,EST,2003,26.35
Estonia,EST,2004,26.55
Estonia,EST,2005,22.63
Estonia,EST,2006,20.86
Estonia,EST,2007,21.37
Estonia,EST,2008,19.44
Estonia,EST,2009,23.31
Estonia,EST,2010,18.79
Estonia,EST,2011,18.24
Estonia,EST,2012,21.09
Estonia,EST,2013,18.93
Estonia,EST,2014,19.55
Estonia,EST,2015,15.89
Estonia,EST,2016,15.73
Estonia,EST,2017,18.74
Estonia,EST,2018,15.34
Estonia,EST,2019,14.89
Eswatini,SWZ,2000,28.45
Eswatini,SWZ,2001,32.2
Eswatini,SWZ,2002,37.21
Eswatini,SWZ,2003,40.54
Eswatini,SWZ,2004,42.42
Eswatini,SWZ,2005,43.9
Eswatini,SWZ,2006,47.28
Eswatini,SWZ,2007,53.89
Eswatini,SWZ,2008,54.97
Eswatini,SWZ,2009,54.24
Eswatini,SWZ,2010,50.39
Eswatini,SWZ,2011,47.05
Eswatini,SWZ,2012,47.57
Eswatini,SWZ,2013,44.63
Eswatini,SWZ,2014,39.25
Eswatini,SWZ,2015,35.07
Eswatini,SWZ,2016,32.84
Eswatini,SWZ,2017,30.44
Eswatini,SWZ,2018,28.54
Eswatini,SWZ,2019,29.4
Ethiopia,ETH,2000,9.68
Ethiopia,ETH,2001,9.24
Ethiopia,ETH,2002,8.91
Ethiopia,ETH,2003,8.57
Ethiopia,ETH,2004,8.29
Ethiopia,ETH,2005,8.08
Ethiopia,ETH,2006,7.84
Ethiopia,ETH,2007,7.73
Ethiopia,ETH,2008,7.64
Ethiopia,ETH,2009,7.35
Ethiopia,ETH,2010,7.06
Ethiopia,ETH,2011,6.67
Ethiopia,ETH,2012,6.12
Ethiopia,ETH,2013,5.66
Ethiopia,ETH,2014,5.5
Ethiopia,ETH,2015,5.51
Ethiopia,ETH,2016,5.43
Ethiopia,ETH,2017,5.42
Ethiopia,ETH,2018,5.4
Ethiopia,ETH,2019,5.38
Europe,,2000,24.271023
Europe,,2001,23.600626
Europe,,2002,23.527666
Europe,,2003,23.11342
Europe,,2004,22.532024
Europe,,2005,22.235842
Europe,,2006,20.691881
Europe,,2007,19.669134
Europe,,2008,19.70894
Europe,,2009,19.14862
Europe,,2010,18.808773
Europe,,2011,18.272045
Europe,,2012,17.998236
Europe,,2013,17.74941
Europe,,2014,17.611595
Europe,,2015,16.876255
Europe,,2016,16.21631
Europe,,2017,15.388928
Europe,,2018,15.21987
Europe,,2019,14.520261
Fiji,FJI,2000,10.57
Fiji,FJI,2001,10.42
Fiji,FJI,2002,10.14
Fiji,FJI,2003,9.69
Fiji,FJI,2004,9.36
Fiji,FJI,2005,9.54
Fiji,FJI,2006,9.23
Fiji,FJI,2007,9.44
Fiji,FJI,2008,9.6
Fiji,FJI,2009,9.66
Fiji,FJI,2010,9.64
Fiji,FJI,2011,9.84
Fiji,FJI,2012,10
Fiji,FJI,2013,9.98
Fiji,FJI,2014,9.69
Fiji,FJI,2015,9.39
Fiji,FJI,2016,9.42
Fiji,FJI,2017,9.31
Fiji,FJI,2018,9.14
Fiji,FJI,2019,8.96
Finland,FIN,2000,24.29
Finland,FIN,2001,24.13
Finland,FIN,2002,22.04
Finland,FIN,2003,21.72
Finland,FIN,2004,21.25
Finland,FIN,2005,19.92
Finland,FIN,2006,21.03
Finland,FIN,2007,19.69
Finland,FIN,2008,20.58
Finland,FIN,2009,20.4
Finland,FIN,2010,18.57
Finland,FIN,2011,17.94
Finland,FIN,2012,16.95
Finland,FIN,2013,17.22
Finland,FIN,2014,15.43
Finland,FIN,2015,14.03
Finland,FIN,2016,15.24
Finland,FIN,2017,15.93
Finland,FIN,2018,16.17
Finland,FIN,2019,15.29
France,FRA,2000,20.19
France,FRA,2001,19.45
France,FRA,2002,19.81
France,FRA,2003,20.09
France,FRA,2004,19.47
France,FRA,2005,19.13
France,FRA,2006,18.46
France,FRA,2007,17.94
France,FRA,2008,18.25
France,FRA,2009,18.43
France,FRA,2010,18.23
France,FRA,2011,18.02
France,FRA,2012,17.77
France,FRA,2013,16.97
France,FRA,2014,15.63
France,FRA,2015,15.83
France,FRA,2016,14.88
France,FRA,2017,14.63
France,FRA,2018,14.21
France,FRA,2019,13.76
Gabon,GAB,2000,12.95
Gabon,GAB,2001,12.22
Gabon,GAB,2002,11.25
Gabon,GAB,2003,11.02
Gabon,GAB,2004,10.08
Gabon,GAB,2005,10.24
Gabon,GAB,2006,10.63
Gabon,GAB,2007,10.42
Gabon,GAB,2008,11.27
Gabon,GAB,2009,10.2
Gabon,GAB,2010,10.1
Gabon,GAB,2011,10.05
Gabon,GAB,2012,8.93
Gabon,GAB,2013,8.64
Gabon,GAB,2014,9.78
Gabon,GAB,2015,9.64
Gabon,GAB,2016,9.2
Gabon,GAB,2017,8.79
Gabon,GAB,2018,8.64
Gabon,GAB,2019,8.41
Gambia,GMB,2000,5.56
Gambia,GMB,2001,5.67
Gambia,GMB,2002,5.75
Gambia,GMB,2003,5.79
Gambia,GMB,2004,5.9
Gambia,GMB,2005,5.79
Gambia,GMB,2006,5.72
Gambia,GMB,2007,5.65
Gambia,GMB,2008,5.62
Gambia,GMB,2009,5.45
Gambia,GMB,2010,5.3
Gambia,GMB,2011,5.41
Gambia,GMB,2012,5.3
Gambia,GMB,2013,5.27
Gambia,GMB,2014,5.25
Gambia,GMB,2015,5.07
Gambia,GMB,2016,4.9
Gambia,GMB,2017,4.91
Gambia,GMB,2018,4.78
Gambia,GMB,2019,4.8
Georgia,GEO,2000,7.39
Georgia,GEO,2001,6.86
Georgia,GEO,2002,8.24
Georgia,GEO,2003,6.62
Georgia,GEO,2004,7.43
Georgia,GEO,2005,6.19
Georgia,GEO,2006,6.15
Georgia,GEO,2007,6.07
Georgia,GEO,2008,7.48
Georgia,GEO,2009,8.45
Georgia,GEO,2010,8.28
Georgia,GEO,2011,8.65
Georgia,GEO,2012,9.15
Georgia,GEO,2013,9.76
Georgia,GEO,2014,10.29
Georgia,GEO,2015,10.53
Georgia,GEO,2016,10.7
Georgia,GEO,2017,9.63
Georgia,GEO,2018,9.36
Georgia,GEO,2019,9.18
Germany,DEU,2000,14.47
Germany,DEU,2001,14.5
Germany,DEU,2002,14.56
Germany,DEU,2003,14.39
Germany,DEU,2004,14.01
Germany,DEU,2005,13.3
Germany,DEU,2006,12.76
Germany,DEU,2007,12.35
Germany,DEU,2008,12.52
Germany,DEU,2009,12.76
Germany,DEU,2010,13.24
Germany,DEU,2011,13.21
Germany,DEU,2012,12.87
Germany,DEU,2013,13.41
Germany,DEU,2014,13.37
Germany,DEU,2015,13.26
Germany,DEU,2016,13.02
Germany,DEU,2017,12.57
Germany,DEU,2018,12.89
Germany,DEU,2019,12.32
Ghana,GHA,2000,5.36
Ghana,GHA,2001,5.77
Ghana,GHA,2002,6.07
Ghana,GHA,2003,6.34
Ghana,GHA,2004,6.63
Ghana,GHA,2005,6.86
Ghana,GHA,2006,7.04
Ghana,GHA,2007,7.19
Ghana,GHA,2008,7.49
Ghana,GHA,2009,7.62
Ghana,GHA,2010,7.82
Ghana,GHA,2011,7.8
Ghana,GHA,2012,7.79
Ghana,GHA,2013,7.73
Ghana,GHA,2014,7.53
Ghana,GHA,2015,7.33
Ghana,GHA,2016,7.19
Ghana,GHA,2017,6.96
Ghana,GHA,2018,6.64
Ghana,GHA,2019,6.56
Greece,GRC,2000,3.45
Greece,GRC,2001,3.06
Greece,GRC,2002,2.91
Greece,GRC,2003,3.32
Greece,GRC,2004,3.14
Greece,GRC,2005,3.65
Greece,GRC,2006,3.64
Greece,GRC,2007,2.99
Greece,GRC,2008,3.38
Greece,GRC,2009,3.58
Greece,GRC,2010,3.48
Greece,GRC,2011,4.38
Greece,GRC,2012,4.76
Greece,GRC,2013,5.03
Greece,GRC,2014,5.33
Greece,GRC,2015,5.02
Greece,GRC,2016,4.68
Greece,GRC,2017,5.09
Greece,GRC,2018,5.07
Greece,GRC,2019,5.07
Grenada,GRD,2000,1.92
Grenada,GRD,2001,0.37
Grenada,GRD,2002,3.24
Grenada,GRD,2003,2.38
Grenada,GRD,2004,4.62
Grenada,GRD,2005,3.11
Grenada,GRD,2006,5.1
Grenada,GRD,2007,1.95
Grenada,GRD,2008,2.41
Grenada,GRD,2009,0.75
Grenada,GRD,2010,0.94
Grenada,GRD,2011,1.69
Grenada,GRD,2012,1.71
Grenada,GRD,2013,1.19
Grenada,GRD,2014,0.57
Grenada,GRD,2015,0.7
Grenada,GRD,2016,0.97
Grenada,GRD,2017,0.64
Grenada,GRD,2018,0.3
Grenada,GRD,2019,0.65
Guatemala,GTM,2000,10.2
Guatemala,GTM,2001,10.76
Guatemala,GTM,2002,10.55
Guatemala,GTM,2003,10.8
Guatemala,GTM,2004,10.95
Guatemala,GTM,2005,11.36
Guatemala,GTM,2006,10.75
Guatemala,GTM,2007,8.28
Guatemala,GTM,2008,8.02
Guatemala,GTM,2009,7.89
Guatemala,GTM,2010,7.31
Guatemala,GTM,2011,6.59
Guatemala,GTM,2012,6.08
Guatemala,GTM,2013,5.89
Guatemala,GTM,2014,5.76
Guatemala,GTM,2015,5.81
Guatemala,GTM,2016,5.7
Guatemala,GTM,2017,5.62
Guatemala,GTM,2018,5.97
Guatemala,GTM,2019,5.91
Guinea,GIN,2000,5.41
Guinea,GIN,2001,5.43
Guinea,GIN,2002,5.57
Guinea,GIN,2003,5.6
Guinea,GIN,2004,5.67
Guinea,GIN,2005,5.6
Guinea,GIN,2006,5.96
Guinea,GIN,2007,6.29
Guinea,GIN,2008,6.34
Guinea,GIN,2009,6.4
Guinea,GIN,2010,6.76
Guinea,GIN,2011,7.01
Guinea,GIN,2012,7.04
Guinea,GIN,2013,7.27
Guinea,GIN,2014,7.1
Guinea,GIN,2015,7.19
Guinea,GIN,2016,7.12
Guinea,GIN,2017,6.94
Guinea,GIN,2018,6.87
Guinea,GIN,2019,6.97
Guinea-Bissau,GNB,2000,9.54
Guinea-Bissau,GNB,2001,9.32
Guinea-Bissau,GNB,2002,9.06
Guinea-Bissau,GNB,2003,8.8
Guinea-Bissau,GNB,2004,8.77
Guinea-Bissau,GNB,2005,8.43
Guinea-Bissau,GNB,2006,8.38
Guinea-Bissau,GNB,2007,8.4
Guinea-Bissau,GNB,2008,8.43
Guinea-Bissau,GNB,2009,8.51
Guinea-Bissau,GNB,2010,8.36
Guinea-Bissau,GNB,2011,8.17
Guinea-Bissau,GNB,2012,7.98
Guinea-Bissau,GNB,2013,8.06
Guinea-Bissau,GNB,2014,7.75
Guinea-Bissau,GNB,2015,7.25
Guinea-Bissau,GNB,2016,7.31
Guinea-Bissau,GNB,2017,7.3
Guinea-Bissau,GNB,2018,7.22
Guinea-Bissau,GNB,2019,6.97
Guyana,GUY,2000,31.35
Guyana,GUY,2001,34.69
Guyana,GUY,2002,34.45
Guyana,GUY,2003,33.21
Guyana,GUY,2004,32.55
Guyana,GUY,2005,30.91
Guyana,GUY,2006,30.67
Guyana,GUY,2007,30.91
Guyana,GUY,2008,29.98
Guyana,GUY,2009,32.85
Guyana,GUY,2010,33.31
Guyana,GUY,2011,32.59
Guyana,GUY,2012,35.04
Guyana,GUY,2013,38.24
Guyana,GUY,2014,37.21
Guyana,GUY,2015,37.33
Guyana,GUY,2016,37.9
Guyana,GUY,2017,38.46
Guyana,GUY,2018,39.46
Guyana,GUY,2019,40.28
Haiti,HTI,2000,9.73
Haiti,HTI,2001,9.48
Haiti,HTI,2002,9.32
Haiti,HTI,2003,9.29
Haiti,HTI,2004,9.01
Haiti,HTI,2005,9.42
Haiti,HTI,2006,9.59
Haiti,HTI,2007,10.01
Haiti,HTI,2008,10.06
Haiti,HTI,2009,10.29
Haiti,HTI,2010,10.94
Haiti,HTI,2011,10.13
Haiti,HTI,2012,9.92
Haiti,HTI,2013,9.93
Haiti,HTI,2014,10.02
Haiti,HTI,2015,10.03
Haiti,HTI,2016,9.86
Haiti,HTI,2017,9.7
Haiti,HTI,2018,9.75
Haiti,HTI,2019,9.6
Honduras,HND,2000,2.09
Honduras,HND,2001,2.1
Honduras,HND,2002,2.13
Honduras,HND,2003,2.16
Honduras,HND,2004,2.13
Honduras,HND,2005,2.15
Honduras,HND,2006,2.16
Honduras,HND,2007,2.14
Honduras,HND,2008,2.09
Honduras,HND,2009,2.01
Honduras,HND,2010,1.97
Honduras,HND,2011,1.91
Honduras,HND,2012,3.25
Honduras,HND,2013,3.23
Honduras,HND,2014,3.44
Honduras,HND,2015,4.02
Honduras,HND,2016,2
Honduras,HND,2017,2.07
Honduras,HND,2018,2.04
Honduras,HND,2019,2.06
Hungary,HUN,2000,33.44
Hungary,HUN,2001,29.82
Hungary,HUN,2002,28.49
Hungary,HUN,2003,28.13
Hungary,HUN,2004,27.53
Hungary,HUN,2005,26.35
Hungary,HUN,2006,24.84
Hungary,HUN,2007,25.05
Hungary,HUN,2008,25.39
Hungary,HUN,2009,25.36
Hungary,HUN,2010,25.52
Hungary,HUN,2011,25.14
Hungary,HUN,2012,24.8
Hungary,HUN,2013,22.1
Hungary,HUN,2014,20.44
Hungary,HUN,2015,19.94
Hungary,HUN,2016,18.72
Hungary,HUN,2017,17.46
Hungary,HUN,2018,17.73
Hungary,HUN,2019,16.65
Iceland,ISL,2000,13.08
Iceland,ISL,2001,12.78
Iceland,ISL,2002,12.22
Iceland,ISL,2003,12.46
Iceland,ISL,2004,12.39
Iceland,ISL,2005,11.85
Iceland,ISL,2006,12.46
Iceland,ISL,2007,14.8
Iceland,ISL,2008,14.83
Iceland,ISL,2009,14.28
Iceland,ISL,2010,12.76
Iceland,ISL,2011,11.59
Iceland,ISL,2012,13.5
Iceland,ISL,2013,13.86
Iceland,ISL,2014,15.74
Iceland,ISL,2015,14.26
Iceland,ISL,2016,12.97
Iceland,ISL,2017,12.19
Iceland,ISL,2018,10.81
Iceland,ISL,2019,11.87
India,IND,2000,16.94
India,IND,2001,16.52
India,IND,2002,16.17
India,IND,2003,15.37
India,IND,2004,15.16
India,IND,2005,15.42
India,IND,2006,15.56
India,IND,2007,15.31
India,IND,2008,15.06
India,IND,2009,14.5
India,IND,2010,14.69
India,IND,2011,14.66
India,IND,2012,14.23
India,IND,2013,13.7
India,IND,2014,12.74
India,IND,2015,12.27
India,IND,2016,12.09
India,IND,2017,12.03
India,IND,2018,12.58
India,IND,2019,12.65
Indonesia,IDN,2000,3.45
Indonesia,IDN,2001,3.39
Indonesia,IDN,2002,3.32
Indonesia,IDN,2003,3.24
Indonesia,IDN,2004,3.16
Indonesia,IDN,2005,3.01
Indonesia,IDN,2006,2.91
Indonesia,IDN,2007,2.86
Indonesia,IDN,2008,2.78
Indonesia,IDN,2009,2.69
Indonesia,IDN,2010,2.64
Indonesia,IDN,2011,2.59
Indonesia,IDN,2012,2.52
Indonesia,IDN,2013,2.46
Indonesia,IDN,2014,2.4
Indonesia,IDN,2015,2.36
Indonesia,IDN,2016,2.39
Indonesia,IDN,2017,2.4
Indonesia,IDN,2018,2.4
Indonesia,IDN,2019,2.41
Iran,IRN,2000,8
Iran,IRN,2001,7.77
Iran,IRN,2002,7.52
Iran,IRN,2003,6.97
Iran,IRN,2004,6.72
Iran,IRN,2005,6.24
Iran,IRN,2006,5.98
Iran,IRN,2007,6.45
Iran,IRN,2008,6.19
Iran,IRN,2009,6.19
Iran,IRN,2010,6.31
Iran,IRN,2011,6.76
Iran,IRN,2012,6.74
Iran,IRN,2013,6.61
Iran,IRN,2014,6.48
Iran,IRN,2015,6.31
Iran,IRN,2016,6.21
Iran,IRN,2017,6.03
Iran,IRN,2018,5.67
Iran,IRN,2019,5.23
Iraq,IRQ,2000,3.78
Iraq,IRQ,2001,3.75
Iraq,IRQ,2002,3.76
Iraq,IRQ,2003,3.81
Iraq,IRQ,2004,3.77
Iraq,IRQ,2005,3.78
Iraq,IRQ,2006,3.85
Iraq,IRQ,2007,3.7
Iraq,IRQ,2008,3.56
Iraq,IRQ,2009,3.73
Iraq,IRQ,2010,3.89
Iraq,IRQ,2011,4.06
Iraq,IRQ,2012,4.12
Iraq,IRQ,2013,4.22
Iraq,IRQ,2014,4.1
Iraq,IRQ,2015,4.07
Iraq,IRQ,2016,4.04
Iraq,IRQ,2017,3.93
Iraq,IRQ,2018,3.73
Iraq,IRQ,2019,3.61
Ireland,IRL,2000,12.7
Ireland,IRL,2001,13.19
Ireland,IRL,2002,12.22
Ireland,IRL,2003,12.09
Ireland,IRL,2004,11.94
Ireland,IRL,2005,11.83
Ireland,IRL,2006,10.92
Ireland,IRL,2007,11.46
Ireland,IRL,2008,12.22
Ireland,IRL,2009,14.03
Ireland,IRL,2010,11.93
Ireland,IRL,2011,12.5
Ireland,IRL,2012,12.37
Ireland,IRL,2013,11.37
Ireland,IRL,2014,10.98
Ireland,IRL,2015,9.31
Ireland,IRL,2016,10.02
Ireland,IRL,2017,10
Ireland,IRL,2018,9.86
Ireland,IRL,2019,9.62
Israel,ISR,2000,6.76
Israel,ISR,2001,6.37
Israel,ISR,2002,5.86
Israel,ISR,2003,6.4
Israel,ISR,2004,6.13
Israel,ISR,2005,6.73
Israel,ISR,2006,5.47
Israel,ISR,2007,5.16
Israel,ISR,2008,5.27
Israel,ISR,2009,5.95
Israel,ISR,2010,6.66
Israel,ISR,2011,5.65
Israel,ISR,2012,6.07
Israel,ISR,2013,5.2
Israel,ISR,2014,5.13
Israel,ISR,2015,4.54
Israel,ISR,2016,5.2
Israel,ISR,2017,5.14
Israel,ISR,2018,5.4
Israel,ISR,2019,5.32
Italy,ITA,2000,7.53
Italy,ITA,2001,7.34
Italy,ITA,2002,7.39
Italy,ITA,2003,7.35
Italy,ITA,2004,7.15
Italy,ITA,2005,6.7
Italy,ITA,2006,6.67
Italy,ITA,2007,6.65
Italy,ITA,2008,6.86
Italy,ITA,2009,6.98
Italy,ITA,2010,6.89
Italy,ITA,2011,7.35
Italy,ITA,2012,7.58
Italy,ITA,2013,7.53
Italy,ITA,2014,7.24
Italy,ITA,2015,7.12
Italy,ITA,2016,6.56
Italy,ITA,2017,7.05
Italy,ITA,2018,6.74
Italy,ITA,2019,6.67
Jamaica,JAM,2000,1.89
Jamaica,JAM,2001,1.85
Jamaica,JAM,2002,1.8
Jamaica,JAM,2003,1.73
Jamaica,JAM,2004,1.59
Jamaica,JAM,2005,1.49
Jamaica,JAM,2006,1.53
Jamaica,JAM,2007,1.75
Jamaica,JAM,2008,2.19
Jamaica,JAM,2009,2.31
Jamaica,JAM,2010,1.93
Jamaica,JAM,2011,2.24
Jamaica,JAM,2012,2.08
Jamaica,JAM,2013,2.01
Jamaica,JAM,2014,2.2
Jamaica,JAM,2015,2.2
Jamaica,JAM,2016,2.23
Jamaica,JAM,2017,2.25
Jamaica,JAM,2018,2.29
Jamaica,JAM,2019,2.38
Japan,JPN,2000,23.81
Japan,JPN,2001,23.14
Japan,JPN,2002,23.79
Japan,JPN,2003,25.57
Japan,JPN,2004,24.13
Japan,JPN,2005,24.4
Japan,JPN,2006,23.97
Japan,JPN,2007,25.06
Japan,JPN,2008,24.32
Japan,JPN,2009,24.84
Japan,JPN,2010,24.03
Japan,JPN,2011,23.45
Japan,JPN,2012,21.7
Japan,JPN,2013,21.43
Japan,JPN,2014,20.1
Japan,JPN,2015,19.13
Japan,JPN,2016,17.45
Japan,JPN,2017,16.95
Japan,JPN,2018,16.74
Japan,JPN,2019,15.33
Jordan,JOR,2000,2.52
Jordan,JOR,2001,2.44
Jordan,JOR,2002,2.32
Jordan,JOR,2003,2.33
Jordan,JOR,2004,2.23
Jordan,JOR,2005,2.01
Jordan,JOR,2006,1.86
Jordan,JOR,2007,1.74
Jordan,JOR,2008,1.67
Jordan,JOR,2009,1.58
Jordan,JOR,2010,1.52
Jordan,JOR,2011,1.51
Jordan,JOR,2012,1.5
Jordan,JOR,2013,1.46
Jordan,JOR,2014,1.45
Jordan,JOR,2015,1.46
Jordan,JOR,2016,1.48
Jordan,JOR,2017,1.5
Jordan,JOR,2018,1.58
Jordan,JOR,2019,1.64
Kazakhstan,KAZ,2000,38.76
Kazakhstan,KAZ,2001,39.03
Kazakhstan,KAZ,2002,38.14
Kazakhstan,KAZ,2003,39.18
Kazakhstan,KAZ,2004,39.62
Kazakhstan,KAZ,2005,39.25
Kazakhstan,KAZ,2006,37.84
Kazakhstan,KAZ,2007,38.05
Kazakhstan,KAZ,2008,34.5
Kazakhstan,KAZ,2009,30.34
Kazakhstan,KAZ,2010,29.85
Kazakhstan,KAZ,2011,28.71
Kazakhstan,KAZ,2012,27.53
Kazakhstan,KAZ,2013,26.37
Kazakhstan,KAZ,2014,24.19
Kazakhstan,KAZ,2015,23.21
Kazakhstan,KAZ,2016,21.77
Kazakhstan,KAZ,2017,20.78
Kazakhstan,KAZ,2018,18.98
Kazakhstan,KAZ,2019,17.52
Kenya,KEN,2000,7.58
Kenya,KEN,2001,6.93
Kenya,KEN,2002,6.42
Kenya,KEN,2003,6.07
Kenya,KEN,2004,5.65
Kenya,KEN,2005,6.05
Kenya,KEN,2006,6.03
Kenya,KEN,2007,6.32
Kenya,KEN,2008,6.22
Kenya,KEN,2009,6.01
Kenya,KEN,2010,5.95
Kenya,KEN,2011,5.88
Kenya,KEN,2012,5.89
Kenya,KEN,2013,5.89
Kenya,KEN,2014,5.67
Kenya,KEN,2015,5.45
Kenya,KEN,2016,5.43
Kenya,KEN,2017,5.6
Kenya,KEN,2018,6
Kenya,KEN,2019,6.11
Kiribati,KIR,2000,31.22
Kiribati,KIR,2001,31.14
Kiribati,KIR,2002,30.88
Kiribati,KIR,2003,29.36
Kiribati,KIR,2004,29.28
Kiribati,KIR,2005,30.09
Kiribati,KIR,2006,29.36
Kiribati,KIR,2007,30.9
Kiribati,KIR,2008,31.49
Kiribati,KIR,2009,30.94
Kiribati,KIR,2010,30.7
Kiribati,KIR,2011,30.81
Kiribati,KIR,2012,29.99
Kiribati,KIR,2013,30.45
Kiribati,KIR,2014,29.77
Kiribati,KIR,2015,29.73
Kiribati,KIR,2016,29.51
Kiribati,KIR,2017,29.57
Kiribati,KIR,2018,28.08
Kiribati,KIR,2019,28.29
Kuwait,KWT,2000,2.98
Kuwait,KWT,2001,2.61
Kuwait,KWT,2002,2.79
Kuwait,KWT,2003,2.59
Kuwait,KWT,2004,2.66
Kuwait,KWT,2005,2.64
Kuwait,KWT,2006,2.67
Kuwait,KWT,2007,2.57
Kuwait,KWT,2008,2.9
Kuwait,KWT,2009,2.67
Kuwait,KWT,2010,2.46
Kuwait,KWT,2011,2.29
Kuwait,KWT,2012,2.38
Kuwait,KWT,2013,2.42
Kuwait,KWT,2014,2.5
Kuwait,KWT,2015,2.56
Kuwait,KWT,2016,2.63
Kuwait,KWT,2017,2.71
Kuwait,KWT,2018,2.8
Kuwait,KWT,2019,2.91
Kyrgyzstan,KGZ,2000,14.79
Kyrgyzstan,KGZ,2001,14.08
Kyrgyzstan,KGZ,2002,14.03
Kyrgyzstan,KGZ,2003,13.24
Kyrgyzstan,KGZ,2004,12.59
Kyrgyzstan,KGZ,2005,13.19
Kyrgyzstan,KGZ,2006,13.15
Kyrgyzstan,KGZ,2007,12.64
Kyrgyzstan,KGZ,2008,12.26
Kyrgyzstan,KGZ,2009,11.91
Kyrgyzstan,KGZ,2010,11.38
Kyrgyzstan,KGZ,2011,11.27
Kyrgyzstan,KGZ,2012,10.92
Kyrgyzstan,KGZ,2013,10.46
Kyrgyzstan,KGZ,2014,10.47
Kyrgyzstan,KGZ,2015,9.89
Kyrgyzstan,KGZ,2016,8.62
Kyrgyzstan,KGZ,2017,8.26
Kyrgyzstan,KGZ,2018,8
Kyrgyzstan,KGZ,2019,7.39
Laos,LAO,2000,6.85
Laos,LAO,2001,6.89
Laos,LAO,2002,6.67
Laos,LAO,2003,6.54
Laos,LAO,2004,6.48
Laos,LAO,2005,6.51
Laos,LAO,2006,6.43
Laos,LAO,2007,6.31
Laos,LAO,2008,6.26
Laos,LAO,2009,6.13
Laos,LAO,2010,6
Laos,LAO,2011,5.92
Laos,LAO,2012,5.69
Laos,LAO,2013,5.67
Laos,LAO,2014,5.53
Laos,LAO,2015,5.59
Laos,LAO,2016,5.59
Laos,LAO,2017,5.63
Laos,LAO,2018,5.62
Laos,LAO,2019,5.43
Latvia,LVA,2000,34.71
Latvia,LVA,2001,32.18
Latvia,LVA,2002,31.52
Latvia,LVA,2003,29.05
Latvia,LVA,2004,26.75
Latvia,LVA,2005,26.53
Latvia,LVA,2006,23.17
Latvia,LVA,2007,20.9
Latvia,LVA,2008,26.39
Latvia,LVA,2009,26.34
Latvia,LVA,2010,22.49
Latvia,LVA,2011,22.68
Latvia,LVA,2012,23.53
Latvia,LVA,2013,20.62
Latvia,LVA,2014,20.74
Latvia,LVA,2015,21.6
Latvia,LVA,2016,21.27
Latvia,LVA,2017,21.45
Latvia,LVA,2018,18.08
Latvia,LVA,2019,20.12
Lebanon,LBN,2000,2.79
Lebanon,LBN,2001,2.7
Lebanon,LBN,2002,2.66
Lebanon,LBN,2003,2.64
Lebanon,LBN,2004,2.66
Lebanon,LBN,2005,2.68
Lebanon,LBN,2006,2.47
Lebanon,LBN,2007,2.85
Lebanon,LBN,2008,2.91
Lebanon,LBN,2009,2.98
Lebanon,LBN,2010,3.01
Lebanon,LBN,2011,3.02
Lebanon,LBN,2012,2.95
Lebanon,LBN,2013,2.95
Lebanon,LBN,2014,2.76
Lebanon,LBN,2015,2.79
Lebanon,LBN,2016,2.71
Lebanon,LBN,2017,2.96
Lebanon,LBN,2018,2.51
Lebanon,LBN,2019,2.77
Lesotho,LSO,2000,28.56
Lesotho,LSO,2001,27.35
Lesotho,LSO,2002,29.16
Lesotho,LSO,2003,31.95
Lesotho,LSO,2004,33.48
Lesotho,LSO,2005,33.62
Lesotho,LSO,2006,40.27
Lesotho,LSO,2007,44.96
Lesotho,LSO,2008,57.77
Lesotho,LSO,2009,63.27
Lesotho,LSO,2010,65.43
Lesotho,LSO,2011,69.53
Lesotho,LSO,2012,79.11
Lesotho,LSO,2013,87.64
Lesotho,LSO,2014,92.64
Lesotho,LSO,2015,92.4
Lesotho,LSO,2016,87
Lesotho,LSO,2017,78.32
Lesotho,LSO,2018,76.57
Lesotho,LSO,2019,72.44
Liberia,LBR,2000,5.07
Liberia,LBR,2001,4.78
Liberia,LBR,2002,4.78
Liberia,LBR,2003,4.76
Liberia,LBR,2004,4.79
Liberia,LBR,2005,4.66
Liberia,LBR,2006,4.75
Liberia,LBR,2007,4.89
Liberia,LBR,2008,4.83
Liberia,LBR,2009,4.82
Liberia,LBR,2010,4.9
Liberia,LBR,2011,5
Liberia,LBR,2012,4.99
Liberia,LBR,2013,4.91
Liberia,LBR,2014,4.91
Liberia,LBR,2015,4.49
Liberia,LBR,2016,4.48
Liberia,LBR,2017,4.46
Liberia,LBR,2018,4.42
Liberia,LBR,2019,4.45
Libya,LBY,2000,4.88
Libya,LBY,2001,5.05
Libya,LBY,2002,5.2
Libya,LBY,2003,5.14
Libya,LBY,2004,4.42
Libya,LBY,2005,4.33
Libya,LBY,2006,4.23
Libya,LBY,2007,4.9
Libya,LBY,2008,5.37
Libya,LBY,2009,5.73
Libya,LBY,2010,5.58
Libya,LBY,2011,5.05
Libya,LBY,2012,5.71
Libya,LBY,2013,4.8
Libya,LBY,2014,6.26
Libya,LBY,2015,5.56
Libya,LBY,2016,4.95
Libya,LBY,2017,5.53
Libya,LBY,2018,5.76
Libya,LBY,2019,4.48
Lithuania,LTU,2000,50.1
Lithuania,LTU,2001,47.08
Lithuania,LTU,2002,47.01
Lithuania,LTU,2003,45.38
Lithuania,LTU,2004,43.27
Lithuania,LTU,2005,42.72
Lithuania,LTU,2006,35.24
Lithuania,LTU,2007,34.51
Lithuania,LTU,2008,37.85
Lithuania,LTU,2009,39.16
Lithuania,LTU,2010,37.24
Lithuania,LTU,2011,38.07
Lithuania,LTU,2012,35.05
Lithuania,LTU,2013,40.45
Lithuania,LTU,2014,35.59
Lithuania,LTU,2015,34.86
Lithuania,LTU,2016,32.77
Lithuania,LTU,2017,29.67
Lithuania,LTU,2018,27.37
Lithuania,LTU,2019,26.14
Luxembourg,LUX,2000,16.05
Luxembourg,LUX,2001,16.72
Luxembourg,LUX,2002,16.05
Luxembourg,LUX,2003,15.32
Luxembourg,LUX,2004,12.08
Luxembourg,LUX,2005,13.39
Luxembourg,LUX,2006,15.2
Luxembourg,LUX,2007,14.04
Luxembourg,LUX,2008,13.44
Luxembourg,LUX,2009,11.3
Luxembourg,LUX,2010,12.01
Luxembourg,LUX,2011,11.92
Luxembourg,LUX,2012,11.34
Luxembourg,LUX,2013,11.26
Luxembourg,LUX,2014,12.66
Luxembourg,LUX,2015,12.17
Luxembourg,LUX,2016,10.16
Luxembourg,LUX,2017,9.84
Luxembourg,LUX,2018,10.63
Luxembourg,LUX,2019,11.27
Madagascar,MDG,2000,5.78
Madagascar,MDG,2001,5.68
Madagascar,MDG,2002,5.81
Madagascar,MDG,2003,5.93
Madagascar,MDG,2004,5.93
Madagascar,MDG,2005,5.82
Madagascar,MDG,2006,5.78
Madagascar,MDG,2007,5.69
Madagascar,MDG,2008,5.67
Madagascar,MDG,2009,5.64
Madagascar,MDG,2010,5.65
Madagascar,MDG,2011,5.7
Madagascar,MDG,2012,5.58
Madagascar,MDG,2013,5.55
Madagascar,MDG,2014,5.6
Madagascar,MDG,2015,5.49
Madagascar,MDG,2016,5.51
Madagascar,MDG,2017,5.46
Madagascar,MDG,2018,5.45
Madagascar,MDG,2019,5.46
Malawi,MWI,2000,10.8
Malawi,MWI,2001,9.8
Malawi,MWI,2002,8.83
Malawi,MWI,2003,8.21
Malawi,MWI,2004,7.75
Malawi,MWI,2005,7.25
Malawi,MWI,2006,7.45
Malawi,MWI,2007,7.78
Malawi,MWI,2008,7.65
Malawi,MWI,2009,8.04
Malawi,MWI,2010,8.17
Malawi,MWI,2011,7.25
Malawi,MWI,2012,6.76
Malawi,MWI,2013,6.44
Malawi,MWI,2014,6.28
Malawi,MWI,2015,6.2
Malawi,MWI,2016,6.07
Malawi,MWI,2017,5.84
Malawi,MWI,2018,5.6
Malawi,MWI,2019,5.41
Malaysia,MYS,2000,4.65
Malaysia,MYS,2001,4.46
Malaysia,MYS,2002,4.45
Malaysia,MYS,2003,4.65
Malaysia,MYS,2004,4.65
Malaysia,MYS,2005,4.58
Malaysia,MYS,2006,4.47
Malaysia,MYS,2007,4.39
Malaysia,MYS,2008,4.53
Malaysia,MYS,2009,4.62
Malaysia,MYS,2010,4.51
Malaysia,MYS,2011,4.54
Malaysia,MYS,2012,4.56
Malaysia,MYS,2013,4.37
Malaysia,MYS,2014,4.64
Malaysia,MYS,2015,4.83
Malaysia,MYS,2016,5.06
Malaysia,MYS,2017,5.35
Malaysia,MYS,2018,5.45
Malaysia,MYS,2019,5.72
Maldives,MDV,2000,3.75
Maldives,MDV,2001,3.73
Maldives,MDV,2002,3.51
Maldives,MDV,2003,3.5
Maldives,MDV,2004,2.85
Maldives,MDV,2005,3.02
Maldives,MDV,2006,3.11
Maldives,MDV,2007,3.01
Maldives,MDV,2008,3.05
Maldives,MDV,2009,2.91
Maldives,MDV,2010,2.7
Maldives,MDV,2011,2.57
Maldives,MDV,2012,2.63
Maldives,MDV,2013,2.57
Maldives,MDV,2014,2.69
Maldives,MDV,2015,2.79
Maldives,MDV,2016,3.11
Maldives,MDV,2017,3.1
Maldives,MDV,2018,2.91
Maldives,MDV,2019,2.74
Mali,MLI,2000,4.83
Mali,MLI,2001,4.71
Mali,MLI,2002,4.66
Mali,MLI,2003,4.54
Mali,MLI,2004,4.52
Mali,MLI,2005,4.59
Mali,MLI,2006,4.51
Mali,MLI,2007,4.53
Mali,MLI,2008,4.61
Mali,MLI,2009,4.59
Mali,MLI,2010,4.48
Mali,MLI,2011,4.46
Mali,MLI,2012,4.48
Mali,MLI,2013,4.47
Mali,MLI,2014,4.4
Mali,MLI,2015,4.28
Mali,MLI,2016,4.21
Mali,MLI,2017,4.1
Mali,MLI,2018,4.08
Mali,MLI,2019,4.09
Malta,MLT,2000,6.83
Malta,MLT,2001,7.23
Malta,MLT,2002,5.7
Malta,MLT,2003,5.39
Malta,MLT,2004,5.87
Malta,MLT,2005,5.55
Malta,MLT,2006,6.77
Malta,MLT,2007,5.54
Malta,MLT,2008,6.41
Malta,MLT,2009,6.87
Malta,MLT,2010,7.54
Malta,MLT,2011,6.77
Malta,MLT,2012,6.04
Malta,MLT,2013,6.81
Malta,MLT,2014,7.11
Malta,MLT,2015,7.18
Malta,MLT,2016,5.81
Malta,MLT,2017,5.47
Malta,MLT,2018,5.99
Malta,MLT,2019,6.06
Mauritania,MRT,2000,3.49
Mauritania,MRT,2001,3.43
Mauritania,MRT,2002,3.37
Mauritania,MRT,2003,3.28
Mauritania,MRT,2004,3.33
Mauritania,MRT,2005,3.21
Mauritania,MRT,2006,3.23
Mauritania,MRT,2007,3.19
Mauritania,MRT,2008,3.1
Mauritania,MRT,2009,3.13
Mauritania,MRT,2010,3.08
Mauritania,MRT,2011,3.03
Mauritania,MRT,2012,3.14
Mauritania,MRT,2013,3.1
Mauritania,MRT,2014,3.06
Mauritania,MRT,2015,3.03
Mauritania,MRT,2016,3.04
Mauritania,MRT,2017,3.08
Mauritania,MRT,2018,3.09
Mauritania,MRT,2019,3.12
Mauritius,MUS,2000,11.81
Mauritius,MUS,2001,10.1
Mauritius,MUS,2002,11.28
Mauritius,MUS,2003,7.69
Mauritius,MUS,2004,8.22
Mauritius,MUS,2005,8.98
Mauritius,MUS,2006,9.21
Mauritius,MUS,2007,10.31
Mauritius,MUS,2008,6.65
Mauritius,MUS,2009,9.06
Mauritius,MUS,2010,7.76
Mauritius,MUS,2011,9.04
Mauritius,MUS,2012,9.64
Mauritius,MUS,2013,8.16
Mauritius,MUS,2014,10.21
Mauritius,MUS,2015,7.94
Mauritius,MUS,2016,8.09
Mauritius,MUS,2017,9.62
Mauritius,MUS,2018,8.7
Mauritius,MUS,2019,9.47
Mexico,MEX,2000,3.52
Mexico,MEX,2001,3.81
Mexico,MEX,2002,3.84
Mexico,MEX,2003,3.96
Mexico,MEX,2004,3.95
Mexico,MEX,2005,4.1
Mexico,MEX,2006,3.99
Mexico,MEX,2007,4.06
Mexico,MEX,2008,4.36
Mexico,MEX,2009,4.62
Mexico,MEX,2010,4.52
Mexico,MEX,2011,5.23
Mexico,MEX,2012,4.87
Mexico,MEX,2013,5.18
Mexico,MEX,2014,5.67
Mexico,MEX,2015,5.56
Mexico,MEX,2016,5.58
Mexico,MEX,2017,5.89
Mexico,MEX,2018,5.37
Mexico,MEX,2019,5.29
Micronesia (country),FSM,2000,23.98
Micronesia (country),FSM,2001,23.39
Micronesia (country),FSM,2002,22.54
Micronesia (country),FSM,2003,22.77
Micronesia (country),FSM,2004,23.81
Micronesia (country),FSM,2005,24.58
Micronesia (country),FSM,2006,24.58
Micronesia (country),FSM,2007,24.39
Micronesia (country),FSM,2008,24.47
Micronesia (country),FSM,2009,24.49
Micronesia (country),FSM,2010,24.46
Micronesia (country),FSM,2011,25.2
Micronesia (country),FSM,2012,25.51
Micronesia (country),FSM,2013,25.57
Micronesia (country),FSM,2014,25.78
Micronesia (country),FSM,2015,26.98
Micronesia (country),FSM,2016,26.98
Micronesia (country),FSM,2017,27.68
Micronesia (country),FSM,2018,28.21
Micronesia (country),FSM,2019,28.21
Moldova,MDA,2000,17.21
Moldova,MDA,2001,18.58
Moldova,MDA,2002,17.66
Moldova,MDA,2003,18.55
Moldova,MDA,2004,18.3
Moldova,MDA,2005,19.4
Moldova,MDA,2006,19.68
Moldova,MDA,2007,17.23
Moldova,MDA,2008,19.14
Moldova,MDA,2009,19.68
Moldova,MDA,2010,20.54
Moldova,MDA,2011,15.26
Moldova,MDA,2012,16.97
Moldova,MDA,2013,16.96
Moldova,MDA,2014,17.19
Moldova,MDA,2015,16.15
Moldova,MDA,2016,15.87
Moldova,MDA,2017,14.87
Moldova,MDA,2018,14.41
Moldova,MDA,2019,14.67
Mongolia,MNG,2000,21.98
Mongolia,MNG,2001,22.28
Mongolia,MNG,2002,21.68
Mongolia,MNG,2003,23.12
Mongolia,MNG,2004,23.67
Mongolia,MNG,2005,24.03
Mongolia,MNG,2006,23.69
Mongolia,MNG,2007,23.6
Mongolia,MNG,2008,23.8
Mongolia,MNG,2009,23.63
Mongolia,MNG,2010,23.35
Mongolia,MNG,2011,22.73
Mongolia,MNG,2012,21.72
Mongolia,MNG,2013,21.03
Mongolia,MNG,2014,20.01
Mongolia,MNG,2015,20.01
Mongolia,MNG,2016,20.08
Mongolia,MNG,2017,19.21
Mongolia,MNG,2018,18.65
Mongolia,MNG,2019,17.89
Montenegro,MNE,2000,20.83
Montenegro,MNE,2001,19.89
Montenegro,MNE,2002,20.22
Montenegro,MNE,2003,20.91
Montenegro,MNE,2004,21.21
Montenegro,MNE,2005,21.74
Montenegro,MNE,2006,22.35
Montenegro,MNE,2007,20.97
Montenegro,MNE,2008,20.85
Montenegro,MNE,2009,20.93
Montenegro,MNE,2010,20.33
Montenegro,MNE,2011,20.92
Montenegro,MNE,2012,20.99
Montenegro,MNE,2013,20.44
Montenegro,MNE,2014,20.58
Montenegro,MNE,2015,20.71
Montenegro,MNE,2016,20.81
Montenegro,MNE,2017,21.11
Montenegro,MNE,2018,21.2
Montenegro,MNE,2019,20.95
Morocco,MAR,2000,9.9
Morocco,MAR,2001,9.91
Morocco,MAR,2002,9.6
Morocco,MAR,2003,9.61
Morocco,MAR,2004,9.53
Morocco,MAR,2005,9.39
Morocco,MAR,2006,9.27
Morocco,MAR,2007,9.31
Morocco,MAR,2008,9.29
Morocco,MAR,2009,9.25
Morocco,MAR,2010,9.16
Morocco,MAR,2011,9.16
Morocco,MAR,2012,8.89
Morocco,MAR,2013,7.95
Morocco,MAR,2014,7.65
Morocco,MAR,2015,7.39
Morocco,MAR,2016,7.2
Morocco,MAR,2017,7.08
Morocco,MAR,2018,7.16
Morocco,MAR,2019,7.17
Mozambique,MOZ,2000,12.53
Mozambique,MOZ,2001,12.4
Mozambique,MOZ,2002,12.3
Mozambique,MOZ,2003,12.32
Mozambique,MOZ,2004,12.41
Mozambique,MOZ,2005,12.55
Mozambique,MOZ,2006,12.58
Mozambique,MOZ,2007,12.58
Mozambique,MOZ,2008,13.46
Mozambique,MOZ,2009,14.51
Mozambique,MOZ,2010,14.92
Mozambique,MOZ,2011,15.25
Mozambique,MOZ,2012,15.69
Mozambique,MOZ,2013,15.3
Mozambique,MOZ,2014,14.37
Mozambique,MOZ,2015,13.93
Mozambique,MOZ,2016,13.57
Mozambique,MOZ,2017,13.42
Mozambique,MOZ,2018,13.54
Mozambique,MOZ,2019,13.63
Myanmar,MMR,2000,4.67
Myanmar,MMR,2001,4.44
Myanmar,MMR,2002,4.37
Myanmar,MMR,2003,4.28
Myanmar,MMR,2004,4.24
Myanmar,MMR,2005,4.13
Myanmar,MMR,2006,4.08
Myanmar,MMR,2007,3.89
Myanmar,MMR,2008,3.59
Myanmar,MMR,2009,3.58
Myanmar,MMR,2010,3.47
Myanmar,MMR,2011,3.42
Myanmar,MMR,2012,3.31
Myanmar,MMR,2013,3.25
Myanmar,MMR,2014,3.23
Myanmar,MMR,2015,3.18
Myanmar,MMR,2016,3.19
Myanmar,MMR,2017,2.99
Myanmar,MMR,2018,2.89
Myanmar,MMR,2019,2.9
Namibia,NAM,2000,19.26
Namibia,NAM,2001,18.83
Namibia,NAM,2002,18.66
Namibia,NAM,2003,18.2
Namibia,NAM,2004,16.68
Namibia,NAM,2005,17.77
Namibia,NAM,2006,17.74
Namibia,NAM,2007,17.32
Namibia,NAM,2008,14.06
Namibia,NAM,2009,13.12
Namibia,NAM,2010,12.88
Namibia,NAM,2011,11.4
Namibia,NAM,2012,10.21
Namibia,NAM,2013,10.17
Namibia,NAM,2014,10.92
Namibia,NAM,2015,11.64
Namibia,NAM,2016,10.68
Namibia,NAM,2017,10.91
Namibia,NAM,2018,9.87
Namibia,NAM,2019,9.73
Nepal,NPL,2000,8.53
Nepal,NPL,2001,8.12
Nepal,NPL,2002,8
Nepal,NPL,2003,7.83
Nepal,NPL,2004,7.74
Nepal,NPL,2005,7.93
Nepal,NPL,2006,7.72
Nepal,NPL,2007,8
Nepal,NPL,2008,8.27
Nepal,NPL,2009,8.54
Nepal,NPL,2010,8.69
Nepal,NPL,2011,8.95
Nepal,NPL,2012,8.87
Nepal,NPL,2013,8.69
Nepal,NPL,2014,8.49
Nepal,NPL,2015,8.52
Nepal,NPL,2016,8.53
Nepal,NPL,2017,8.66
Nepal,NPL,2018,8.82
Nepal,NPL,2019,8.99
Netherlands,NLD,2000,9.62
Netherlands,NLD,2001,9.62
Netherlands,NLD,2002,10.01
Netherlands,NLD,2003,9.6
Netherlands,NLD,2004,9.72
Netherlands,NLD,2005,9.78
Netherlands,NLD,2006,9.6
Netherlands,NLD,2007,8.43
Netherlands,NLD,2008,8.97
Netherlands,NLD,2009,9.48
Netherlands,NLD,2010,9.8
Netherlands,NLD,2011,10.08
Netherlands,NLD,2012,10.71
Netherlands,NLD,2013,11.88
Netherlands,NLD,2014,11.59
Netherlands,NLD,2015,11.81
Netherlands,NLD,2016,11.9
Netherlands,NLD,2017,12.09
Netherlands,NLD,2018,11.34
Netherlands,NLD,2019,11.84
New Zealand,NZL,2000,12.49
New Zealand,NZL,2001,13.91
New Zealand,NZL,2002,12.49
New Zealand,NZL,2003,13.65
New Zealand,NZL,2004,12.63
New Zealand,NZL,2005,12.93
New Zealand,NZL,2006,13.09
New Zealand,NZL,2007,12.34
New Zealand,NZL,2008,12.42
New Zealand,NZL,2009,11.53
New Zealand,NZL,2010,12.64
New Zealand,NZL,2011,11.39
New Zealand,NZL,2012,12.67
New Zealand,NZL,2013,12.17
New Zealand,NZL,2014,11.3
New Zealand,NZL,2015,11.72
New Zealand,NZL,2016,12.16
New Zealand,NZL,2017,12.71
New Zealand,NZL,2018,11.36
New Zealand,NZL,2019,11.05
Nicaragua,NIC,2000,5.52
Nicaragua,NIC,2001,5.16
Nicaragua,NIC,2002,5.03
Nicaragua,NIC,2003,5.57
Nicaragua,NIC,2004,5.42
Nicaragua,NIC,2005,5.21
Nicaragua,NIC,2006,4.6
Nicaragua,NIC,2007,4.88
Nicaragua,NIC,2008,5.06
Nicaragua,NIC,2009,5.02
Nicaragua,NIC,2010,4.77
Nicaragua,NIC,2011,5.5
Nicaragua,NIC,2012,4.41
Nicaragua,NIC,2013,5.27
Nicaragua,NIC,2014,4.53
Nicaragua,NIC,2015,4.23
Nicaragua,NIC,2016,4.35
Nicaragua,NIC,2017,4.44
Nicaragua,NIC,2018,4.54
Nicaragua,NIC,2019,4.35
Niger,NER,2000,5.01
Niger,NER,2001,5.11
Niger,NER,2002,5.08
Niger,NER,2003,5.23
Niger,NER,2004,5.12
Niger,NER,2005,5.27
Niger,NER,2006,5.25
Niger,NER,2007,5.3
Niger,NER,2008,5.22
Niger,NER,2009,5.29
Niger,NER,2010,5.33
Niger,NER,2011,5.38
Niger,NER,2012,5.46
Niger,NER,2013,5.52
Niger,NER,2014,5.54
Niger,NER,2015,5.37
Niger,NER,2016,5.29
Niger,NER,2017,5.25
Niger,NER,2018,5.26
Niger,NER,2019,5.27
Nigeria,NGA,2000,4.86
Nigeria,NGA,2001,4.94
Nigeria,NGA,2002,4.82
Nigeria,NGA,2003,4.79
Nigeria,NGA,2004,4.84
Nigeria,NGA,2005,4.77
Nigeria,NGA,2006,4.69
Nigeria,NGA,2007,4.73
Nigeria,NGA,2008,4.64
Nigeria,NGA,2009,4.52
Nigeria,NGA,2010,4.38
Nigeria,NGA,2011,4.35
Nigeria,NGA,2012,4.2
Nigeria,NGA,2013,4.05
Nigeria,NGA,2014,3.85
Nigeria,NGA,2015,3.7
Nigeria,NGA,2016,3.66
Nigeria,NGA,2017,3.58
Nigeria,NGA,2018,3.53
Nigeria,NGA,2019,3.49
North America,,2000,9.146493
North America,,2001,9.379378
North America,,2002,9.5510645
North America,,2003,9.566477
North America,,2004,9.637066
North America,,2005,9.64687
North America,,2006,9.692864
North America,,2007,9.797514
North America,,2008,10.028065
North America,,2009,10.176046
North America,,2010,10.333155
North America,,2011,10.579835
North America,,2012,10.554483
North America,,2013,10.657204
North America,,2014,10.999928
North America,,2015,11.268619
North America,,2016,11.545819
North America,,2017,12.087863
North America,,2018,11.775142
North America,,2019,11.995206
North Korea,PRK,2000,9.79
North Korea,PRK,2001,9.55
North Korea,PRK,2002,9.52
North Korea,PRK,2003,9.18
North Korea,PRK,2004,9.04
North Korea,PRK,2005,8.92
North Korea,PRK,2006,8.91
North Korea,PRK,2007,9.01
North Korea,PRK,2008,9.39
North Korea,PRK,2009,9.41
North Korea,PRK,2010,9.55
North Korea,PRK,2011,9.72
North Korea,PRK,2012,9.69
North Korea,PRK,2013,9.86
North Korea,PRK,2014,9.98
North Korea,PRK,2015,10.49
North Korea,PRK,2016,10.36
North Korea,PRK,2017,9.76
North Korea,PRK,2018,9.29
North Korea,PRK,2019,9.37
North Macedonia,MKD,2000,9.32
North Macedonia,MKD,2001,12.81
North Macedonia,MKD,2002,9.71
North Macedonia,MKD,2003,9.09
North Macedonia,MKD,2004,10.61
North Macedonia,MKD,2005,8.57
North Macedonia,MKD,2006,9.66
North Macedonia,MKD,2007,9.39
North Macedonia,MKD,2008,9.42
North Macedonia,MKD,2009,9.68
North Macedonia,MKD,2010,7.07
North Macedonia,MKD,2011,7.39
North Macedonia,MKD,2012,9.97
North Macedonia,MKD,2013,9.74
North Macedonia,MKD,2014,9.25
North Macedonia,MKD,2015,9.17
North Macedonia,MKD,2016,9.25
North Macedonia,MKD,2017,9.3
North Macedonia,MKD,2018,9.38
North Macedonia,MKD,2019,9.39
Norway,NOR,2000,13.91
Norway,NOR,2001,14.2
Norway,NOR,2002,12.09
Norway,NOR,2003,11.85
Norway,NOR,2004,12.83
Norway,NOR,2005,12.44
Norway,NOR,2006,12.76
Norway,NOR,2007,11.79
Norway,NOR,2008,11.75
Norway,NOR,2009,12.95
Norway,NOR,2010,12.35
Norway,NOR,2011,13.26
Norway,NOR,2012,11.43
Norway,NOR,2013,11.78
Norway,NOR,2014,11.64
Norway,NOR,2015,12.46
Norway,NOR,2016,12.61
Norway,NOR,2017,12.14
Norway,NOR,2018,11.95
Norway,NOR,2019,11.78
Oceania,,2000,10.810258
Oceania,,2001,10.623032
Oceania,,2002,9.869609
Oceania,,2003,9.463586
Oceania,,2004,9.157533
Oceania,,2005,9.762171
Oceania,,2006,9.444811
Oceania,,2007,9.5279875
Oceania,,2008,9.950365
Oceania,,2009,9.591548
Oceania,,2010,10.025381
Oceania,,2011,9.586595
Oceania,,2012,10.070937
Oceania,,2013,9.835696
Oceania,,2014,10.431803
Oceania,,2015,10.798791
Oceania,,2016,10.168359
Oceania,,2017,10.743485
Oceania,,2018,10.125363
Oceania,,2019,10.075492
Oman,OMN,2000,6.23
Oman,OMN,2001,6.21
Oman,OMN,2002,5.87
Oman,OMN,2003,6.11
Oman,OMN,2004,5.84
Oman,OMN,2005,5.95
Oman,OMN,2006,6.53
Oman,OMN,2007,6.83
Oman,OMN,2008,6.75
Oman,OMN,2009,6.5
Oman,OMN,2010,6.74
Oman,OMN,2011,6.12
Oman,OMN,2012,5.39
Oman,OMN,2013,5.29
Oman,OMN,2014,5.11
Oman,OMN,2015,5.02
Oman,OMN,2016,4.72
Oman,OMN,2017,4.74
Oman,OMN,2018,4.69
Oman,OMN,2019,4.85
Pakistan,PAK,2000,8.81
Pakistan,PAK,2001,8.93
Pakistan,PAK,2002,9.02
Pakistan,PAK,2003,9.15
Pakistan,PAK,2004,9.15
Pakistan,PAK,2005,9.01
Pakistan,PAK,2006,9.18
Pakistan,PAK,2007,9.04
Pakistan,PAK,2008,8.95
Pakistan,PAK,2009,8.82
Pakistan,PAK,2010,8.82
Pakistan,PAK,2011,8.76
Pakistan,PAK,2012,8.79
Pakistan,PAK,2013,8.87
Pakistan,PAK,2014,8.92
Pakistan,PAK,2015,8.99
Pakistan,PAK,2016,9.07
Pakistan,PAK,2017,9.09
Pakistan,PAK,2018,8.93
Pakistan,PAK,2019,8.91
Panama,PAN,2000,5.43
Panama,PAN,2001,5.74
Panama,PAN,2002,5.29
Panama,PAN,2003,5.92
Panama,PAN,2004,5.81
Panama,PAN,2005,5
Panama,PAN,2006,5.65
Panama,PAN,2007,4.87
Panama,PAN,2008,5.37
Panama,PAN,2009,4.79
Panama,PAN,2010,4.17
Panama,PAN,2011,3.8
Panama,PAN,2012,3.61
Panama,PAN,2013,3.41
Panama,PAN,2014,4.08
Panama,PAN,2015,2.9
Panama,PAN,2016,3.27
Panama,PAN,2017,3.17
Panama,PAN,2018,2.9
Panama,PAN,2019,2.86
Papua New Guinea,PNG,2000,2.11
Papua New Guinea,PNG,2001,2.28
Papua New Guinea,PNG,2002,2.26
Papua New Guinea,PNG,2003,2.35
Papua New Guinea,PNG,2004,2.39
Papua New Guinea,PNG,2005,2.41
Papua New Guinea,PNG,2006,2.42
Papua New Guinea,PNG,2007,2.54
Papua New Guinea,PNG,2008,2.51
Papua New Guinea,PNG,2009,2.41
Papua New Guinea,PNG,2010,2.55
Papua New Guinea,PNG,2011,2.56
Papua New Guinea,PNG,2012,2.7
Papua New Guinea,PNG,2013,2.69
Papua New Guinea,PNG,2014,2.89
Papua New Guinea,PNG,2015,2.95
Papua New Guinea,PNG,2016,2.95
Papua New Guinea,PNG,2017,2.83
Papua New Guinea,PNG,2018,2.86
Papua New Guinea,PNG,2019,2.95
Paraguay,PRY,2000,3.12
Paraguay,PRY,2001,3.05
Paraguay,PRY,2002,3.57
Paraguay,PRY,2003,3.42
Paraguay,PRY,2004,4.24
Paraguay,PRY,2005,4.37
Paraguay,PRY,2006,4.24
Paraguay,PRY,2007,3.82
Paraguay,PRY,2008,3.58
Paraguay,PRY,2009,4.36
Paraguay,PRY,2010,3.53
Paraguay,PRY,2011,4.56
Paraguay,PRY,2012,4.58
Paraguay,PRY,2013,4.93
Paraguay,PRY,2014,5.86
Paraguay,PRY,2015,5.72
Paraguay,PRY,2016,5.29
Paraguay,PRY,2017,6.05
Paraguay,PRY,2018,5.95
Paraguay,PRY,2019,6.03
Peru,PER,2000,3.12
Peru,PER,2001,2.9
Peru,PER,2002,2.9
Peru,PER,2003,2.98
Peru,PER,2004,2.82
Peru,PER,2005,2.74
Peru,PER,2006,2.69
Peru,PER,2007,2.64
Peru,PER,2008,2.72
Peru,PER,2009,3.27
Peru,PER,2010,3.47
Peru,PER,2011,3.31
Peru,PER,2012,3.2
Peru,PER,2013,3.1
Peru,PER,2014,2.9
Peru,PER,2015,2.7
Peru,PER,2016,2.63
Peru,PER,2017,2.74
Peru,PER,2018,2.76
Peru,PER,2019,2.78
Philippines,PHL,2000,1.75
Philippines,PHL,2001,1.47
Philippines,PHL,2002,1.66
Philippines,PHL,2003,1.82
Philippines,PHL,2004,1.76
Philippines,PHL,2005,1.91
Philippines,PHL,2006,1.98
Philippines,PHL,2007,1.87
Philippines,PHL,2008,1.99
Philippines,PHL,2009,2.31
Philippines,PHL,2010,2.36
Philippines,PHL,2011,2.71
Philippines,PHL,2012,2.36
Philippines,PHL,2013,2.37
Philippines,PHL,2014,2.27
Philippines,PHL,2015,2.27
Philippines,PHL,2016,2.23
Philippines,PHL,2017,2.21
Philippines,PHL,2018,2.17
Philippines,PHL,2019,2.15
Poland,POL,2000,16.93
Poland,POL,2001,17.17
Poland,POL,2002,17.31
Poland,POL,2003,17.06
Poland,POL,2004,17.6
Poland,POL,2005,17.72
Poland,POL,2006,17.05
Poland,POL,2007,15.66
Poland,POL,2008,17
Poland,POL,2009,19.13
Poland,POL,2010,18.64
Poland,POL,2011,17.98
Poland,POL,2012,18.52
Poland,POL,2013,18.2
Poland,POL,2014,17.38
Poland,POL,2015,15.87
Poland,POL,2016,13.83
Poland,POL,2017,13.29
Poland,POL,2018,12.67
Poland,POL,2019,11.3
Portugal,PRT,2000,7.58
Portugal,PRT,2001,8.84
Portugal,PRT,2002,12.45
Portugal,PRT,2003,11.93
Portugal,PRT,2004,10.55
Portugal,PRT,2005,11.37
Portugal,PRT,2006,11.54
Portugal,PRT,2007,12.6
Portugal,PRT,2008,13.09
Portugal,PRT,2009,13.08
Portugal,PRT,2010,13.6
Portugal,PRT,2011,12.22
Portugal,PRT,2012,13.54
Portugal,PRT,2013,12.51
Portugal,PRT,2014,14.26
Portugal,PRT,2015,13.17
Portugal,PRT,2016,11.38
Portugal,PRT,2017,11.94
Portugal,PRT,2018,11.69
Portugal,PRT,2019,11.49
Qatar,QAT,2000,7.84
Qatar,QAT,2001,7.98
Qatar,QAT,2002,7.82
Qatar,QAT,2003,7.36
Qatar,QAT,2004,7.19
Qatar,QAT,2005,6.84
Qatar,QAT,2006,6.82
Qatar,QAT,2007,8.42
Qatar,QAT,2008,8.26
Qatar,QAT,2009,8.43
Qatar,QAT,2010,8.23
Qatar,QAT,2011,7.95
Qatar,QAT,2012,7.38
Qatar,QAT,2013,6.67
Qatar,QAT,2014,6.29
Qatar,QAT,2015,6.11
Qatar,QAT,2016,6.07
Qatar,QAT,2017,5.78
Qatar,QAT,2018,5.76
Qatar,QAT,2019,5.84
Romania,ROU,2000,12.94
Romania,ROU,2001,12.26
Romania,ROU,2002,14.19
Romania,ROU,2003,13.55
Romania,ROU,2004,12.73
Romania,ROU,2005,12.29
Romania,ROU,2006,12.93
Romania,ROU,2007,11.58
Romania,ROU,2008,11.76
Romania,ROU,2009,12.27
Romania,ROU,2010,13.23
Romania,ROU,2011,12.16
Romania,ROU,2012,12.61
Romania,ROU,2013,12.26
Romania,ROU,2014,11.34
Romania,ROU,2015,11.53
Romania,ROU,2016,10.17
Romania,ROU,2017,10.06
Romania,ROU,2018,10.21
Romania,ROU,2019,9.72
Russia,RUS,2000,53.93
Russia,RUS,2001,52.38
Russia,RUS,2002,52.06
Russia,RUS,2003,51.44
Russia,RUS,2004,50.09
Russia,RUS,2005,49.68
Russia,RUS,2006,44.88
Russia,RUS,2007,41.73
Russia,RUS,2008,40.81
Russia,RUS,2009,38.52
Russia,RUS,2010,38.21
Russia,RUS,2011,35.82
Russia,RUS,2012,34.41
Russia,RUS,2013,33.57
Russia,RUS,2014,33.76
Russia,RUS,2015,32.04
Russia,RUS,2016,31.04
Russia,RUS,2017,28.1
Russia,RUS,2018,27.06
Russia,RUS,2019,25.09
Rwanda,RWA,2000,15.75
Rwanda,RWA,2001,13.98
Rwanda,RWA,2002,12.54
Rwanda,RWA,2003,11.01
Rwanda,RWA,2004,9.64
Rwanda,RWA,2005,8.84
Rwanda,RWA,2006,8.41
Rwanda,RWA,2007,8.01
Rwanda,RWA,2008,7.52
Rwanda,RWA,2009,6.96
Rwanda,RWA,2010,6.58
Rwanda,RWA,2011,6.22
Rwanda,RWA,2012,6.06
Rwanda,RWA,2013,5.81
Rwanda,RWA,2014,5.81
Rwanda,RWA,2015,5.71
Rwanda,RWA,2016,5.64
Rwanda,RWA,2017,5.6
Rwanda,RWA,2018,5.58
Rwanda,RWA,2019,5.58
Saint Lucia,LCA,2000,7.15
Saint Lucia,LCA,2001,7.29
Saint Lucia,LCA,2002,6.77
Saint Lucia,LCA,2003,7.19
Saint Lucia,LCA,2004,6.86
Saint Lucia,LCA,2005,7.11
Saint Lucia,LCA,2006,7.56
Saint Lucia,LCA,2007,7.12
Saint Lucia,LCA,2008,8.01
Saint Lucia,LCA,2009,7.19
Saint Lucia,LCA,2010,7.93
Saint Lucia,LCA,2011,7.24
Saint Lucia,LCA,2012,8.72
Saint Lucia,LCA,2013,8.26
Saint Lucia,LCA,2014,8.93
Saint Lucia,LCA,2015,8.65
Saint Lucia,LCA,2016,7.41
Saint Lucia,LCA,2017,7.94
Saint Lucia,LCA,2018,8.02
Saint Lucia,LCA,2019,7.88
Saint Vincent and the Grenadines,VCT,2000,5.74
Saint Vincent and the Grenadines,VCT,2001,5.22
Saint Vincent and the Grenadines,VCT,2002,6.55
Saint Vincent and the Grenadines,VCT,2003,5.81
Saint Vincent and the Grenadines,VCT,2004,5.13
Saint Vincent and the Grenadines,VCT,2005,9.89
Saint Vincent and the Grenadines,VCT,2006,6.17
Saint Vincent and the Grenadines,VCT,2007,8.43
Saint Vincent and the Grenadines,VCT,2008,4.23
Saint Vincent and the Grenadines,VCT,2009,2.6
Saint Vincent and the Grenadines,VCT,2010,3
Saint Vincent and the Grenadines,VCT,2011,5.55
Saint Vincent and the Grenadines,VCT,2012,5.41
Saint Vincent and the Grenadines,VCT,2013,3.87
Saint Vincent and the Grenadines,VCT,2014,1.42
Saint Vincent and the Grenadines,VCT,2015,3.25
Saint Vincent and the Grenadines,VCT,2016,0.65
Saint Vincent and the Grenadines,VCT,2017,0
Saint Vincent and the Grenadines,VCT,2018,1
Saint Vincent and the Grenadines,VCT,2019,0.98
Samoa,WSM,2000,13.65
Samoa,WSM,2001,13.69
Samoa,WSM,2002,13.41
Samoa,WSM,2003,13.23
Samoa,WSM,2004,12.82
Samoa,WSM,2005,12.95
Samoa,WSM,2006,13.02
Samoa,WSM,2007,12.94
Samoa,WSM,2008,12.84
Samoa,WSM,2009,11
Samoa,WSM,2010,12.78
Samoa,WSM,2011,12.78
Samoa,WSM,2012,12.72
Samoa,WSM,2013,12.09
Samoa,WSM,2014,12.75
Samoa,WSM,2015,12.66
Samoa,WSM,2016,12.79
Samoa,WSM,2017,12.56
Samoa,WSM,2018,12.65
Samoa,WSM,2019,12.55
Sao Tome and Principe,STP,2000,1.43
Sao Tome and Principe,STP,2001,1.51
Sao Tome and Principe,STP,2002,1.55
Sao Tome and Principe,STP,2003,1.29
Sao Tome and Principe,STP,2004,1.45
Sao Tome and Principe,STP,2005,1.35
Sao Tome and Principe,STP,2006,1.48
Sao Tome and Principe,STP,2007,1.61
Sao Tome and Principe,STP,2008,1.57
Sao Tome and Principe,STP,2009,1.48
Sao Tome and Principe,STP,2010,1.45
Sao Tome and Principe,STP,2011,1.39
Sao Tome and Principe,STP,2012,1.47
Sao Tome and Principe,STP,2013,1.45
Sao Tome and Principe,STP,2014,1.5
Sao Tome and Principe,STP,2015,1.46
Sao Tome and Principe,STP,2016,1.45
Sao Tome and Principe,STP,2017,1.47
Sao Tome and Principe,STP,2018,1.46
Sao Tome and Principe,STP,2019,1.48
Saudi Arabia,SAU,2000,3.21
Saudi Arabia,SAU,2001,3.27
Saudi Arabia,SAU,2002,3.38
Saudi Arabia,SAU,2003,3.5
Saudi Arabia,SAU,2004,3.45
Saudi Arabia,SAU,2005,3.69
Saudi Arabia,SAU,2006,3.95
Saudi Arabia,SAU,2007,4.26
Saudi Arabia,SAU,2008,4.58
Saudi Arabia,SAU,2009,5
Saudi Arabia,SAU,2010,5.48
Saudi Arabia,SAU,2011,6.09
Saudi Arabia,SAU,2012,6.41
Saudi Arabia,SAU,2013,6.46
Saudi Arabia,SAU,2014,6.6
Saudi Arabia,SAU,2015,6.34
Saudi Arabia,SAU,2016,6.35
Saudi Arabia,SAU,2017,6.22
Saudi Arabia,SAU,2018,6.09
Saudi Arabia,SAU,2019,5.96
Senegal,SEN,2000,7.84
Senegal,SEN,2001,7.62
Senegal,SEN,2002,7.44
Senegal,SEN,2003,7.39
Senegal,SEN,2004,7.3
Senegal,SEN,2005,7.18
Senegal,SEN,2006,7.03
Senegal,SEN,2007,6.73
Senegal,SEN,2008,6.8
Senegal,SEN,2009,6.69
Senegal,SEN,2010,6.55
Senegal,SEN,2011,6.47
Senegal,SEN,2012,6.5
Senegal,SEN,2013,6.48
Senegal,SEN,2014,6.44
Senegal,SEN,2015,6.35
Senegal,SEN,2016,6.25
Senegal,SEN,2017,6.18
Senegal,SEN,2018,6.05
Senegal,SEN,2019,6
Serbia,SRB,2000,23.08
Serbia,SRB,2001,21.75
Serbia,SRB,2002,22.35
Serbia,SRB,2003,21.23
Serbia,SRB,2004,21.31
Serbia,SRB,2005,20.15
Serbia,SRB,2006,19.45
Serbia,SRB,2007,18.73
Serbia,SRB,2008,18.04
Serbia,SRB,2009,19.46
Serbia,SRB,2010,17.18
Serbia,SRB,2011,18.02
Serbia,SRB,2012,18.22
Serbia,SRB,2013,17.92
Serbia,SRB,2014,17.02
Serbia,SRB,2015,16.36
Serbia,SRB,2016,15.18
Serbia,SRB,2017,0.56
Serbia,SRB,2018,11.27
Serbia,SRB,2019,11.36
Seychelles,SYC,2000,9.19
Seychelles,SYC,2001,9.22
Seychelles,SYC,2002,8.55
Seychelles,SYC,2003,8.95
Seychelles,SYC,2004,9.31
Seychelles,SYC,2005,8.38
Seychelles,SYC,2006,8.12
Seychelles,SYC,2007,7.58
Seychelles,SYC,2008,7.82
Seychelles,SYC,2009,7.48
Seychelles,SYC,2010,7.76
Seychelles,SYC,2011,7.86
Seychelles,SYC,2012,7.73
Seychelles,SYC,2013,7.68
Seychelles,SYC,2014,7.9
Seychelles,SYC,2015,8.02
Seychelles,SYC,2016,8.02
Seychelles,SYC,2017,8.31
Seychelles,SYC,2018,8.23
Seychelles,SYC,2019,8.09
Sierra Leone,SLE,2000,5.71
Sierra Leone,SLE,2001,5.88
Sierra Leone,SLE,2002,6
Sierra Leone,SLE,2003,6.11
Sierra Leone,SLE,2004,6.08
Sierra Leone,SLE,2005,6.04
Sierra Leone,SLE,2006,6.46
Sierra Leone,SLE,2007,6.44
Sierra Leone,SLE,2008,6.5
Sierra Leone,SLE,2009,6.56
Sierra Leone,SLE,2010,6.76
Sierra Leone,SLE,2011,6.47
Sierra Leone,SLE,2012,6.61
Sierra Leone,SLE,2013,6.34
Sierra Leone,SLE,2014,6.21
Sierra Leone,SLE,2015,5.88
Sierra Leone,SLE,2016,6.15
Sierra Leone,SLE,2017,6.28
Sierra Leone,SLE,2018,6.56
Sierra Leone,SLE,2019,6.67
Singapore,SGP,2000,12.37
Singapore,SGP,2001,11.27
Singapore,SGP,2002,12.38
Singapore,SGP,2003,12.06
Singapore,SGP,2004,11.74
Singapore,SGP,2005,11.23
Singapore,SGP,2006,11.74
Singapore,SGP,2007,10.65
Singapore,SGP,2008,10.39
Singapore,SGP,2009,10.52
Singapore,SGP,2010,9.91
Singapore,SGP,2011,9.55
Singapore,SGP,2012,11.26
Singapore,SGP,2013,10.28
Singapore,SGP,2014,10.2
Singapore,SGP,2015,8.99
Singapore,SGP,2016,9.09
Singapore,SGP,2017,8.98
Singapore,SGP,2018,9.42
Singapore,SGP,2019,11.21
Slovakia,SVK,2000,14.19
Slovakia,SVK,2001,13.88
Slovakia,SVK,2002,14.64
Slovakia,SVK,2003,15.05
Slovakia,SVK,2004,13.85
Slovakia,SVK,2005,13.65
Slovakia,SVK,2006,14.5
Slovakia,SVK,2007,14.01
Slovakia,SVK,2008,12.68
Slovakia,SVK,2009,13.07
Slovakia,SVK,2010,13.63
Slovakia,SVK,2011,12.87
Slovakia,SVK,2012,12.56
Slovakia,SVK,2013,12.27
Slovakia,SVK,2014,12.9
Slovakia,SVK,2015,12.41
Slovakia,SVK,2016,12.33
Slovakia,SVK,2017,12.25
Slovakia,SVK,2018,12.17
Slovakia,SVK,2019,12.09
Slovenia,SVN,2000,31.96
Slovenia,SVN,2001,30.88
Slovenia,SVN,2002,29.15
Slovenia,SVN,2003,29.65
Slovenia,SVN,2004,28.68
Slovenia,SVN,2005,26.79
Slovenia,SVN,2006,27.93
Slovenia,SVN,2007,22.88
Slovenia,SVN,2008,20.57
Slovenia,SVN,2009,22.54
Slovenia,SVN,2010,20.7
Slovenia,SVN,2011,21.61
Slovenia,SVN,2012,21.95
Slovenia,SVN,2013,22.25
Slovenia,SVN,2014,19.56
Slovenia,SVN,2015,21.04
Slovenia,SVN,2016,19.05
Slovenia,SVN,2017,20.93
Slovenia,SVN,2018,17.81
Slovenia,SVN,2019,19.78
Solomon Islands,SLB,2000,14.35
Solomon Islands,SLB,2001,14.1
Solomon Islands,SLB,2002,14.3
Solomon Islands,SLB,2003,14.65
Solomon Islands,SLB,2004,13.8
Solomon Islands,SLB,2005,14.02
Solomon Islands,SLB,2006,14.08
Solomon Islands,SLB,2007,15.2
Solomon Islands,SLB,2008,15.81
Solomon Islands,SLB,2009,15.79
Solomon Islands,SLB,2010,15.71
Solomon Islands,SLB,2011,15.69
Solomon Islands,SLB,2012,15.57
Solomon Islands,SLB,2013,15.38
Solomon Islands,SLB,2014,15.29
Solomon Islands,SLB,2015,15.16
Solomon Islands,SLB,2016,15.06
Solomon Islands,SLB,2017,15.06
Solomon Islands,SLB,2018,15
Solomon Islands,SLB,2019,14.67
Somalia,SOM,2000,9.06
Somalia,SOM,2001,8.88
Somalia,SOM,2002,8.91
Somalia,SOM,2003,8.94
Somalia,SOM,2004,9.1
Somalia,SOM,2005,8.97
Somalia,SOM,2006,8.64
Somalia,SOM,2007,8.42
Somalia,SOM,2008,8.54
Somalia,SOM,2009,8.55
Somalia,SOM,2010,8.22
Somalia,SOM,2011,8.11
Somalia,SOM,2012,8.12
Somalia,SOM,2013,8.05
Somalia,SOM,2014,8.08
Somalia,SOM,2015,7.99
Somalia,SOM,2016,7.9
Somalia,SOM,2017,7.95
Somalia,SOM,2018,7.96
Somalia,SOM,2019,7.92
South Africa,ZAF,2000,22.42
South Africa,ZAF,2001,23.01
South Africa,ZAF,2002,24.24
South Africa,ZAF,2003,25.13
South Africa,ZAF,2004,24.63
South Africa,ZAF,2005,24.34
South Africa,ZAF,2006,23.59
South Africa,ZAF,2007,24.6
South Africa,ZAF,2008,26.7
South Africa,ZAF,2009,26.72
South Africa,ZAF,2010,24.64
South Africa,ZAF,2011,22.38
South Africa,ZAF,2012,22.91
South Africa,ZAF,2013,23.7
South Africa,ZAF,2014,24.09
South Africa,ZAF,2015,24.52
South Africa,ZAF,2016,24.44
South Africa,ZAF,2017,25.22
South Africa,ZAF,2018,24.15
South Africa,ZAF,2019,23.51
South America,,2000,5.2761054
South America,,2001,5.6134505
South America,,2002,5.5989194
South America,,2003,5.4651403
South America,,2004,5.3963833
South America,,2005,5.451855
South America,,2006,5.4418263
South America,,2007,5.5417385
South America,,2008,5.729542
South America,,2009,5.772538
South America,,2010,5.6466103
South America,,2011,5.7676606
South America,,2012,5.8689146
South America,,2013,5.7592864
South America,,2014,5.828864
South America,,2015,5.9086165
South America,,2016,5.9976616
South America,,2017,6.3887453
South America,,2018,6.4752254
South America,,2019,6.33252
South Korea,KOR,2000,14.47
South Korea,KOR,2001,15.58
South Korea,KOR,2002,18.98
South Korea,KOR,2003,24.08
South Korea,KOR,2004,25.39
South Korea,KOR,2005,26.72
South Korea,KOR,2006,23.66
South Korea,KOR,2007,26.75
South Korea,KOR,2008,28.55
South Korea,KOR,2009,34.25
South Korea,KOR,2010,34.05
South Korea,KOR,2011,34.47
South Korea,KOR,2012,30.17
South Korea,KOR,2013,30.6
South Korea,KOR,2014,28.97
South Korea,KOR,2015,28.06
South Korea,KOR,2016,27.18
South Korea,KOR,2017,25.79
South Korea,KOR,2018,28.57
South Korea,KOR,2019,28.59
South Sudan,SSD,2000,4.26
South Sudan,SSD,2001,3.98
South Sudan,SSD,2002,3.86
South Sudan,SSD,2003,3.9
South Sudan,SSD,2004,3.92
South Sudan,SSD,2005,3.87
South Sudan,SSD,2006,3.88
South Sudan,SSD,2007,3.85
South Sudan,SSD,2008,3.77
South Sudan,SSD,2009,3.68
South Sudan,SSD,2010,3.65
South Sudan,SSD,2011,3.62
South Sudan,SSD,2012,3.68
South Sudan,SSD,2013,3.58
South Sudan,SSD,2014,3.45
South Sudan,SSD,2015,3.59
South Sudan,SSD,2016,3.67
South Sudan,SSD,2017,3.65
South Sudan,SSD,2018,3.79
South Sudan,SSD,2019,3.83
Spain,ESP,2000,8.58
Spain,ESP,2001,8.04
Spain,ESP,2002,8.35
Spain,ESP,2003,8.52
Spain,ESP,2004,8.51
Spain,ESP,2005,8.05
Spain,ESP,2006,7.51
Spain,ESP,2007,7.39
Spain,ESP,2008,7.75
Spain,ESP,2009,7.58
Spain,ESP,2010,6.94
Spain,ESP,2011,7.05
Spain,ESP,2012,7.69
Spain,ESP,2013,8.46
Spain,ESP,2014,8.54
Spain,ESP,2015,7.89
Spain,ESP,2016,7.85
Spain,ESP,2017,8.16
Spain,ESP,2018,7.79
Spain,ESP,2019,7.73
Sri Lanka,LKA,2000,26.66
Sri Lanka,LKA,2001,21.85
Sri Lanka,LKA,2002,21
Sri Lanka,LKA,2003,20.89
Sri Lanka,LKA,2004,21.83
Sri Lanka,LKA,2005,28.69
Sri Lanka,LKA,2006,18.27
Sri Lanka,LKA,2007,20
Sri Lanka,LKA,2008,17.46
Sri Lanka,LKA,2009,22.76
Sri Lanka,LKA,2010,21.87
Sri Lanka,LKA,2011,17.94
Sri Lanka,LKA,2012,16.61
Sri Lanka,LKA,2013,15.21
Sri Lanka,LKA,2014,13.09
Sri Lanka,LKA,2015,15.14
Sri Lanka,LKA,2016,14.78
Sri Lanka,LKA,2017,14.44
Sri Lanka,LKA,2018,14.17
Sri Lanka,LKA,2019,13.98
Sudan,SDN,2000,4.31
Sudan,SDN,2001,4.19
Sudan,SDN,2002,4.22
Sudan,SDN,2003,4.13
Sudan,SDN,2004,4.09
Sudan,SDN,2005,4.22
Sudan,SDN,2006,4.14
Sudan,SDN,2007,4.08
Sudan,SDN,2008,4.05
Sudan,SDN,2009,4.07
Sudan,SDN,2010,4.03
Sudan,SDN,2011,4.12
Sudan,SDN,2012,3.99
Sudan,SDN,2013,4.02
Sudan,SDN,2014,3.94
Sudan,SDN,2015,3.88
Sudan,SDN,2016,3.86
Sudan,SDN,2017,3.84
Sudan,SDN,2018,3.87
Sudan,SDN,2019,3.84
Suriname,SUR,2000,21.52
Suriname,SUR,2001,24.17
Suriname,SUR,2002,24.43
Suriname,SUR,2003,24.25
Suriname,SUR,2004,23.62
Suriname,SUR,2005,24.17
Suriname,SUR,2006,24.65
Suriname,SUR,2007,24.53
Suriname,SUR,2008,24.45
Suriname,SUR,2009,24.45
Suriname,SUR,2010,25.53
Suriname,SUR,2011,24.29
Suriname,SUR,2012,25.24
Suriname,SUR,2013,25.1
Suriname,SUR,2014,24.65
Suriname,SUR,2015,24.76
Suriname,SUR,2016,24.44
Suriname,SUR,2017,24.47
Suriname,SUR,2018,25.5
Suriname,SUR,2019,25.37
Sweden,SWE,2000,15.07
Sweden,SWE,2001,16.01
Sweden,SWE,2002,15.53
Sweden,SWE,2003,14.39
Sweden,SWE,2004,14.76
Sweden,SWE,2005,15.69
Sweden,SWE,2006,14.99
Sweden,SWE,2007,14.53
Sweden,SWE,2008,15.05
Sweden,SWE,2009,15.75
Sweden,SWE,2010,14.73
Sweden,SWE,2011,14.24
Sweden,SWE,2012,14.96
Sweden,SWE,2013,15.87
Sweden,SWE,2014,14.79
Sweden,SWE,2015,15.73
Sweden,SWE,2016,14.61
Sweden,SWE,2017,15.04
Sweden,SWE,2018,14.92
Sweden,SWE,2019,14.79
Switzerland,CHE,2000,20.21
Switzerland,CHE,2001,19.59
Switzerland,CHE,2002,20.92
Switzerland,CHE,2003,18.66
Switzerland,CHE,2004,18.45
Switzerland,CHE,2005,19.03
Switzerland,CHE,2006,18.84
Switzerland,CHE,2007,19.52
Switzerland,CHE,2008,18.76
Switzerland,CHE,2009,15.99
Switzerland,CHE,2010,14.47
Switzerland,CHE,2011,14.63
Switzerland,CHE,2012,14.71
Switzerland,CHE,2013,15.07
Switzerland,CHE,2014,14.72
Switzerland,CHE,2015,14.96
Switzerland,CHE,2016,14.07
Switzerland,CHE,2017,14.65
Switzerland,CHE,2018,14.5
Switzerland,CHE,2019,14.54
Syria,SYR,2000,1.46
Syria,SYR,2001,1.4
Syria,SYR,2002,1.4
Syria,SYR,2003,1.33
Syria,SYR,2004,1.35
Syria,SYR,2005,1.35
Syria,SYR,2006,1.35
Syria,SYR,2007,1.38
Syria,SYR,2008,1.43
Syria,SYR,2009,1.43
Syria,SYR,2010,1.47
Syria,SYR,2011,1.49
Syria,SYR,2012,1.59
Syria,SYR,2013,1.75
Syria,SYR,2014,1.84
Syria,SYR,2015,1.74
Syria,SYR,2016,1.62
Syria,SYR,2017,1.79
Syria,SYR,2018,1.95
Syria,SYR,2019,1.94
Tajikistan,TJK,2000,3.75
Tajikistan,TJK,2001,3.59
Tajikistan,TJK,2002,3.45
Tajikistan,TJK,2003,3.42
Tajikistan,TJK,2004,3.45
Tajikistan,TJK,2005,3.6
Tajikistan,TJK,2006,3.64
Tajikistan,TJK,2007,3.72
Tajikistan,TJK,2008,3.79
Tajikistan,TJK,2009,3.86
Tajikistan,TJK,2010,3.95
Tajikistan,TJK,2011,4.03
Tajikistan,TJK,2012,4.06
Tajikistan,TJK,2013,4.02
Tajikistan,TJK,2014,4.06
Tajikistan,TJK,2015,4.13
Tajikistan,TJK,2016,4.29
Tajikistan,TJK,2017,4.2
Tajikistan,TJK,2018,4.24
Tajikistan,TJK,2019,4.28
Tanzania,TZA,2000,8.86
Tanzania,TZA,2001,7.92
Tanzania,TZA,2002,6.97
Tanzania,TZA,2003,6.39
Tanzania,TZA,2004,5.79
Tanzania,TZA,2005,5.4
Tanzania,TZA,2006,5.34
Tanzania,TZA,2007,5.42
Tanzania,TZA,2008,5.79
Tanzania,TZA,2009,5.51
Tanzania,TZA,2010,5.03
Tanzania,TZA,2011,4.8
Tanzania,TZA,2012,4.29
Tanzania,TZA,2013,4.36
Tanzania,TZA,2014,4.17
Tanzania,TZA,2015,4.16
Tanzania,TZA,2016,4.24
Tanzania,TZA,2017,4.17
Tanzania,TZA,2018,4.17
Tanzania,TZA,2019,4.27
Thailand,THA,2000,11.98
Thailand,THA,2001,10.95
Thailand,THA,2002,10.99
Thailand,THA,2003,10.75
Thailand,THA,2004,10.54
Thailand,THA,2005,9.09
Thailand,THA,2006,8.88
Thailand,THA,2007,8.38
Thailand,THA,2008,8.08
Thailand,THA,2009,7.96
Thailand,THA,2010,8.05
Thailand,THA,2011,7.98
Thailand,THA,2012,7.87
Thailand,THA,2013,7.45
Thailand,THA,2014,7.77
Thailand,THA,2015,8.04
Thailand,THA,2016,8.49
Thailand,THA,2017,8.4
Thailand,THA,2018,8.77
Thailand,THA,2019,8.83
Togo,TGO,2000,10.01
Togo,TGO,2001,10.27
Togo,TGO,2002,10.44
Togo,TGO,2003,10.72
Togo,TGO,2004,10.76
Togo,TGO,2005,10.74
Togo,TGO,2006,11.03
Togo,TGO,2007,10.91
Togo,TGO,2008,10.79
Togo,TGO,2009,10.52
Togo,TGO,2010,10.36
Togo,TGO,2011,10.39
Togo,TGO,2012,10.38
Togo,TGO,2013,10.3
Togo,TGO,2014,10.12
Togo,TGO,2015,9.71
Togo,TGO,2016,9.31
Togo,TGO,2017,9
Togo,TGO,2018,8.73
Togo,TGO,2019,8.8
Tonga,TON,2000,4.21
Tonga,TON,2001,4.22
Tonga,TON,2002,4.15
Tonga,TON,2003,4.24
Tonga,TON,2004,4.18
Tonga,TON,2005,4.01
Tonga,TON,2006,3.96
Tonga,TON,2007,4.04
Tonga,TON,2008,3.95
Tonga,TON,2009,4.28
Tonga,TON,2010,4.59
Tonga,TON,2011,4.47
Tonga,TON,2012,4.53
Tonga,TON,2013,4.55
Tonga,TON,2014,4.64
Tonga,TON,2015,4.6
Tonga,TON,2016,4.11
Tonga,TON,2017,4.15
Tonga,TON,2018,3.97
Tonga,TON,2019,3.82
Trinidad and Tobago,TTO,2000,16.28
Trinidad and Tobago,TTO,2001,16.34
Trinidad and Tobago,TTO,2002,15.27
Trinidad and Tobago,TTO,2003,13.39
Trinidad and Tobago,TTO,2004,13.12
Trinidad and Tobago,TTO,2005,12.69
Trinidad and Tobago,TTO,2006,11.33
Trinidad and Tobago,TTO,2007,11.2
Trinidad and Tobago,TTO,2008,13.7
Trinidad and Tobago,TTO,2009,11.17
Trinidad and Tobago,TTO,2010,11.35
Trinidad and Tobago,TTO,2011,9.93
Trinidad and Tobago,TTO,2012,9.52
Trinidad and Tobago,TTO,2013,10.88
Trinidad and Tobago,TTO,2014,10.53
Trinidad and Tobago,TTO,2015,10.2
Trinidad and Tobago,TTO,2016,9.83
Trinidad and Tobago,TTO,2017,9.49
Trinidad and Tobago,TTO,2018,8.95
Trinidad and Tobago,TTO,2019,8.68
Tunisia,TUN,2000,3.69
Tunisia,TUN,2001,3.73
Tunisia,TUN,2002,3.76
Tunisia,TUN,2003,3.77
Tunisia,TUN,2004,3.75
Tunisia,TUN,2005,3.68
Tunisia,TUN,2006,3.67
Tunisia,TUN,2007,3.62
Tunisia,TUN,2008,3.54
Tunisia,TUN,2009,3.52
Tunisia,TUN,2010,3.48
Tunisia,TUN,2011,3.41
Tunisia,TUN,2012,3.36
Tunisia,TUN,2013,3.26
Tunisia,TUN,2014,3.2
Tunisia,TUN,2015,3.13
Tunisia,TUN,2016,3.08
Tunisia,TUN,2017,3.13
Tunisia,TUN,2018,3.19
Tunisia,TUN,2019,3.27
Turkey,TUR,2000,3.97
Turkey,TUR,2001,3.63
Turkey,TUR,2002,3.19
Turkey,TUR,2003,3.09
Turkey,TUR,2004,2.99
Turkey,TUR,2005,2.83
Turkey,TUR,2006,2.68
Turkey,TUR,2007,2.51
Turkey,TUR,2008,2.39
Turkey,TUR,2009,2.41
Turkey,TUR,2010,2.42
Turkey,TUR,2011,2.24
Turkey,TUR,2012,2.21
Turkey,TUR,2013,2.25
Turkey,TUR,2014,2.3
Turkey,TUR,2015,2.26
Turkey,TUR,2016,2.28
Turkey,TUR,2017,2.29
Turkey,TUR,2018,2.3
Turkey,TUR,2019,2.4
Turkmenistan,TKM,2000,12.53
Turkmenistan,TKM,2001,13.52
Turkmenistan,TKM,2002,14.09
Turkmenistan,TKM,2003,14.34
Turkmenistan,TKM,2004,14.34
Turkmenistan,TKM,2005,15.1
Turkmenistan,TKM,2006,15.06
Turkmenistan,TKM,2007,13.16
Turkmenistan,TKM,2008,11.36
Turkmenistan,TKM,2009,9.43
Turkmenistan,TKM,2010,8.52
Turkmenistan,TKM,2011,7.62
Turkmenistan,TKM,2012,7.13
Turkmenistan,TKM,2013,7.14
Turkmenistan,TKM,2014,6.81
Turkmenistan,TKM,2015,6.29
Turkmenistan,TKM,2016,6.2
Turkmenistan,TKM,2017,5.84
Turkmenistan,TKM,2018,5.7
Turkmenistan,TKM,2019,5.67
Uganda,UGA,2000,10.14
Uganda,UGA,2001,9.78
Uganda,UGA,2002,9.39
Uganda,UGA,2003,9.37
Uganda,UGA,2004,9.46
Uganda,UGA,2005,9.65
Uganda,UGA,2006,9.35
Uganda,UGA,2007,8.02
Uganda,UGA,2008,7.09
Uganda,UGA,2009,6.78
Uganda,UGA,2010,6.34
Uganda,UGA,2011,6.31
Uganda,UGA,2012,5.64
Uganda,UGA,2013,5.23
Uganda,UGA,2014,4.79
Uganda,UGA,2015,4.68
Uganda,UGA,2016,4.75
Uganda,UGA,2017,4.43
Uganda,UGA,2018,4.44
Uganda,UGA,2019,4.59
Ukraine,UKR,2000,39.1
Ukraine,UKR,2001,36.68
Ukraine,UKR,2002,36.02
Ukraine,UKR,2003,34.44
Ukraine,UKR,2004,33.83
Ukraine,UKR,2005,33.79
Ukraine,UKR,2006,30.78
Ukraine,UKR,2007,31.44
Ukraine,UKR,2008,30.85
Ukraine,UKR,2009,26.24
Ukraine,UKR,2010,24.46
Ukraine,UKR,2011,23.05
Ukraine,UKR,2012,23.09
Ukraine,UKR,2013,22.63
Ukraine,UKR,2014,24.36
Ukraine,UKR,2015,21.63
Ukraine,UKR,2016,21.36
Ukraine,UKR,2017,20.62
Ukraine,UKR,2018,21.93
Ukraine,UKR,2019,21.63
United Arab Emirates,ARE,2000,8.6
United Arab Emirates,ARE,2001,8.58
United Arab Emirates,ARE,2002,8.01
United Arab Emirates,ARE,2003,7.49
United Arab Emirates,ARE,2004,7.74
United Arab Emirates,ARE,2005,7.88
United Arab Emirates,ARE,2006,8.34
United Arab Emirates,ARE,2007,8.33
United Arab Emirates,ARE,2008,8.48
United Arab Emirates,ARE,2009,8.49
United Arab Emirates,ARE,2010,8.38
United Arab Emirates,ARE,2011,8.15
United Arab Emirates,ARE,2012,7.86
United Arab Emirates,ARE,2013,7.49
United Arab Emirates,ARE,2014,7.01
United Arab Emirates,ARE,2015,6.47
United Arab Emirates,ARE,2016,5.95
United Arab Emirates,ARE,2017,5.6
United Arab Emirates,ARE,2018,6.04
United Arab Emirates,ARE,2019,6.43
United Kingdom,GBR,2000,8.55
United Kingdom,GBR,2001,8.29
United Kingdom,GBR,2002,8.29
United Kingdom,GBR,2003,7.91
United Kingdom,GBR,2004,8.17
United Kingdom,GBR,2005,7.86
United Kingdom,GBR,2006,7.79
United Kingdom,GBR,2007,7.57
United Kingdom,GBR,2008,8.13
United Kingdom,GBR,2009,8.01
United Kingdom,GBR,2010,7.83
United Kingdom,GBR,2011,8.28
United Kingdom,GBR,2012,8.24
United Kingdom,GBR,2013,8.79
United Kingdom,GBR,2014,8.63
United Kingdom,GBR,2015,8.81
United Kingdom,GBR,2016,8.48
United Kingdom,GBR,2017,8.22
United Kingdom,GBR,2018,8.07
United Kingdom,GBR,2019,7.89
United States,USA,2000,11.01
United States,USA,2001,11.38
United States,USA,2002,11.78
United States,USA,2003,11.69
United States,USA,2004,11.92
United States,USA,2005,11.86
United States,USA,2006,12.12
United States,USA,2007,12.39
United States,USA,2008,12.71
United States,USA,2009,12.78
United States,USA,2010,13.1
United States,USA,2011,13.37
United States,USA,2012,13.51
United States,USA,2013,13.57
United States,USA,2014,13.96
United States,USA,2015,14.39
United States,USA,2016,15.15
United States,USA,2017,15.89
United States,USA,2018,15.69
United States,USA,2019,16.14
Uruguay,URY,2000,16
Uruguay,URY,2001,14.47
Uruguay,URY,2002,19.78
Uruguay,URY,2003,15.6
Uruguay,URY,2004,15.3
Uruguay,URY,2005,14.76
Uruguay,URY,2006,15.48
Uruguay,URY,2007,17.44
Uruguay,URY,2008,15.08
Uruguay,URY,2009,14.95
Uruguay,URY,2010,15.95
Uruguay,URY,2011,16.8
Uruguay,URY,2012,17.83
Uruguay,URY,2013,15.85
Uruguay,URY,2014,17.4
Uruguay,URY,2015,18.64
Uruguay,URY,2016,21.12
Uruguay,URY,2017,20.79
Uruguay,URY,2018,21.15
Uruguay,URY,2019,21.24
Uzbekistan,UZB,2000,10.08
Uzbekistan,UZB,2001,10.03
Uzbekistan,UZB,2002,9.75
Uzbekistan,UZB,2003,9.04
Uzbekistan,UZB,2004,8.62
Uzbekistan,UZB,2005,9.11
Uzbekistan,UZB,2006,8.78
Uzbekistan,UZB,2007,8.63
Uzbekistan,UZB,2008,8.46
Uzbekistan,UZB,2009,7.94
Uzbekistan,UZB,2010,8.11
Uzbekistan,UZB,2011,8.44
Uzbekistan,UZB,2012,8.95
Uzbekistan,UZB,2013,8.9
Uzbekistan,UZB,2014,8.98
Uzbekistan,UZB,2015,9.17
Uzbekistan,UZB,2016,9.15
Uzbekistan,UZB,2017,8.78
Uzbekistan,UZB,2018,8.54
Uzbekistan,UZB,2019,8.04
Vanuatu,VUT,2000,19.1
Vanuatu,VUT,2001,18.85
Vanuatu,VUT,2002,19.15
Vanuatu,VUT,2003,18.98
Vanuatu,VUT,2004,18.6
Vanuatu,VUT,2005,18.18
Vanuatu,VUT,2006,19.16
Vanuatu,VUT,2007,19.07
Vanuatu,VUT,2008,18.9
Vanuatu,VUT,2009,19.75
Vanuatu,VUT,2010,19.48
Vanuatu,VUT,2011,18.96
Vanuatu,VUT,2012,19.09
Vanuatu,VUT,2013,18.88
Vanuatu,VUT,2014,18.2
Vanuatu,VUT,2015,18.16
Vanuatu,VUT,2016,18.04
Vanuatu,VUT,2017,18.14
Vanuatu,VUT,2018,18.14
Vanuatu,VUT,2019,18.03
Venezuela,VEN,2000,5.44
Venezuela,VEN,2001,5.73
Venezuela,VEN,2002,5.38
Venezuela,VEN,2003,4.89
Venezuela,VEN,2004,4.53
Venezuela,VEN,2005,4.35
Venezuela,VEN,2006,3.94
Venezuela,VEN,2007,3.71
Venezuela,VEN,2008,3.45
Venezuela,VEN,2009,3.2
Venezuela,VEN,2010,3.42
Venezuela,VEN,2011,3.56
Venezuela,VEN,2012,3.22
Venezuela,VEN,2013,2.47
Venezuela,VEN,2014,2.13
Venezuela,VEN,2015,2.25
Venezuela,VEN,2016,2.19
Venezuela,VEN,2017,2.16
Venezuela,VEN,2018,2.15
Venezuela,VEN,2019,2.05
Vietnam,VNM,2000,6.1
Vietnam,VNM,2001,6.13
Vietnam,VNM,2002,6.07
Vietnam,VNM,2003,6.14
Vietnam,VNM,2004,6.26
Vietnam,VNM,2005,6.27
Vietnam,VNM,2006,6.42
Vietnam,VNM,2007,6.68
Vietnam,VNM,2008,6.9
Vietnam,VNM,2009,6.94
Vietnam,VNM,2010,7
Vietnam,VNM,2011,7.17
Vietnam,VNM,2012,7.37
Vietnam,VNM,2013,7.45
Vietnam,VNM,2014,7.63
Vietnam,VNM,2015,7.66
Vietnam,VNM,2016,7.7
Vietnam,VNM,2017,7.68
Vietnam,VNM,2018,7.61
Vietnam,VNM,2019,7.51
World,OWID_WRL,2000,12.967618
World,OWID_WRL,2001,12.449677
World,OWID_WRL,2002,12.185112
World,OWID_WRL,2003,12.127301
World,OWID_WRL,2004,12.063381
World,OWID_WRL,2005,11.965147
World,OWID_WRL,2006,11.561971
World,OWID_WRL,2007,11.284373
World,OWID_WRL,2008,11.164015
World,OWID_WRL,2009,10.954217
World,OWID_WRL,2010,10.783497
World,OWID_WRL,2011,10.544553
World,OWID_WRL,2012,10.217561
World,OWID_WRL,2013,9.943527
World,OWID_WRL,2014,9.661528
World,OWID_WRL,2015,9.418346
World,OWID_WRL,2016,9.270215
World,OWID_WRL,2017,9.187851
World,OWID_WRL,2018,9.210112
World,OWID_WRL,2019,9.111593
Yemen,YEM,2000,6.07
Yemen,YEM,2001,6.05
Yemen,YEM,2002,5.94
Yemen,YEM,2003,5.87
Yemen,YEM,2004,5.99
Yemen,YEM,2005,5.91
Yemen,YEM,2006,5.83
Yemen,YEM,2007,5.8
Yemen,YEM,2008,5.97
Yemen,YEM,2009,5.88
Yemen,YEM,2010,5.68
Yemen,YEM,2011,5.62
Yemen,YEM,2012,5.7
Yemen,YEM,2013,5.68
Yemen,YEM,2014,5.68
Yemen,YEM,2015,5.51
Yemen,YEM,2016,5.71
Yemen,YEM,2017,5.59
Yemen,YEM,2018,5.86
Yemen,YEM,2019,5.82
Zambia,ZMB,2000,13.32
Zambia,ZMB,2001,12.34
Zambia,ZMB,2002,12.09
Zambia,ZMB,2003,11.52
Zambia,ZMB,2004,12.1
Zambia,ZMB,2005,11.87
Zambia,ZMB,2006,11.63
Zambia,ZMB,2007,10.35
Zambia,ZMB,2008,9.76
Zambia,ZMB,2009,9.76
Zambia,ZMB,2010,10.15
Zambia,ZMB,2011,10.27
Zambia,ZMB,2012,9.39
Zambia,ZMB,2013,9.09
Zambia,ZMB,2014,9
Zambia,ZMB,2015,8.71
Zambia,ZMB,2016,8.45
Zambia,ZMB,2017,8.5
Zambia,ZMB,2018,8.09
Zambia,ZMB,2019,7.28
Zimbabwe,ZWE,2000,13.26
Zimbabwe,ZWE,2001,12.84
Zimbabwe,ZWE,2002,13.34
Zimbabwe,ZWE,2003,13.14
Zimbabwe,ZWE,2004,14.19
Zimbabwe,ZWE,2005,13.95
Zimbabwe,ZWE,2006,14.33
Zimbabwe,ZWE,2007,17.18
Zimbabwe,ZWE,2008,20.11
Zimbabwe,ZWE,2009,22.22
Zimbabwe,ZWE,2010,21.51
Zimbabwe,ZWE,2011,20.69
Zimbabwe,ZWE,2012,19.69
Zimbabwe,ZWE,2013,18.5
Zimbabwe,ZWE,2014,18.15
Zimbabwe,ZWE,2015,17.97
Zimbabwe,ZWE,2016,16.79
Zimbabwe,ZWE,2017,15.06
Zimbabwe,ZWE,2018,14.04
Zimbabwe,ZWE,2019,14.17